infomart_code,category_l1,category_l2,category_l3,category_l4,label
100000,食品,青果物,根菜類,大根,大根
100001,食品,青果物,根菜類,かぶ,かぶ
100002,食品,青果物,根菜類,人参,人参
100003,食品,青果物,根菜類,ごぼう,ごぼう
100004,食品,青果物,根菜類,筍,筍
100005,食品,青果物,根菜類,れんこん,れんこん
100006,食品,青果物,根菜類,くわい,くわい
100090,食品,青果物,根菜類,その他,その他
100080,食品,青果物,根菜類,全般,全般
100100,食品,青果物,葉菜類,白菜,白菜
100102,食品,青果物,葉菜類,京菜,京菜
100120,食品,青果物,葉菜類,漬菜,漬菜
100104,食品,青果物,葉菜類,小松菜,小松菜
100106,食品,青果物,葉菜類,キャベツ,キャベツ
100108,食品,青果物,葉菜類,ほうれん草,ほうれん草
100109,食品,青果物,葉菜類,ねぎ,ねぎ
100111,食品,青果物,葉菜類,わけぎ,わけぎ
100112,食品,青果物,葉菜類,あさつき,あさつき
100113,食品,青果物,葉菜類,ふき,ふき
100114,食品,青果物,葉菜類,うど,うど
100115,食品,青果物,葉菜類,みつば,みつば
100116,食品,青果物,葉菜類,春菊,春菊
100117,食品,青果物,葉菜類,せり,せり
100118,食品,青果物,葉菜類,にら,にら
100119,食品,青果物,葉菜類,水菜,水菜
100190,食品,青果物,葉菜類,その他,その他
100180,食品,青果物,葉菜類,全般,全般
100200,食品,青果物,洋菜類,セルリー,セルリー
100201,食品,青果物,洋菜類,アスパラガス,アスパラガス
100202,食品,青果物,洋菜類,カリフラワー,カリフラワー
100203,食品,青果物,洋菜類,ブロッコリー,ブロッコリー
100204,食品,青果物,洋菜類,レタス,レタス
100206,食品,青果物,洋菜類,サラダ菜,サラダ菜
100207,食品,青果物,洋菜類,パセリ,パセリ
100208,食品,青果物,洋菜類,チンゲンサイ,チンゲンサイ
100209,食品,青果物,洋菜類,タアサイ,タアサイ
100213,食品,青果物,洋菜類,クレソン,クレソン
100290,食品,青果物,洋菜類,その他,その他
100280,食品,青果物,洋菜類,全般,全般
100300,食品,青果物,果菜類,きゅうり,きゅうり
100301,食品,青果物,果菜類,かぼちゃ,かぼちゃ
100302,食品,青果物,果菜類,ズッキーニ,ズッキーニ
100303,食品,青果物,果菜類,なす,なす
100304,食品,青果物,果菜類,トマト,トマト
100305,食品,青果物,果菜類,ミニトマト,ミニトマト
100306,食品,青果物,果菜類,ピーマン,ピーマン
100319,食品,青果物,果菜類,パプリカ,パプリカ
100307,食品,青果物,果菜類,しし唐がらし,しし唐がらし
100317,食品,青果物,果菜類,とうもろこし,とうもろこし
100309,食品,青果物,果菜類,オクラ,オクラ
100310,食品,青果物,果菜類,冬瓜,冬瓜
100312,食品,青果物,果菜類,にがうり,にがうり
100314,食品,青果物,果菜類,うり,うり
100390,食品,青果物,果菜類,その他,その他
100380,食品,青果物,果菜類,全般,全般
100400,食品,青果物,豆類,いんげん,いんげん
100401,食品,青果物,豆類,えんどう,えんどう
100402,食品,青果物,豆類,ピース,ピース
100403,食品,青果物,豆類,そらまめ,そらまめ
100404,食品,青果物,豆類,枝豆,枝豆
100407,食品,青果物,豆類,もやし,もやし
100406,食品,青果物,豆類,生落花生,生落花生
100490,食品,青果物,豆類,その他,その他
100480,食品,青果物,豆類,全般,全般
100517,食品,青果物,土物類,さつま芋,さつま芋
100501,食品,青果物,土物類,馬鈴薯,馬鈴薯
100502,食品,青果物,土物類,里芋,里芋
100503,食品,青果物,土物類,長いも,長いも
100504,食品,青果物,土物類,大和芋,大和芋
100505,食品,青果物,土物類,玉ねぎ,玉ねぎ
100506,食品,青果物,土物類,にんにく,にんにく
100507,食品,青果物,土物類,らっきょう,らっきょう
100508,食品,青果物,土物類,エシャロット,エシャロット
100590,食品,青果物,土物類,その他,その他
100580,食品,青果物,土物類,全般,全般
100600,食品,青果物,きのこ類・山菜類,生椎茸,生椎茸
100601,食品,青果物,きのこ類・山菜類,松茸,松茸
100602,食品,青果物,きのこ類・山菜類,なめこ,なめこ
100603,食品,青果物,きのこ類・山菜類,えのきだけ,えのきだけ
100604,食品,青果物,きのこ類・山菜類,しめじ,しめじ
100605,食品,青果物,きのこ類・山菜類,マッシュルーム,マッシュルーム
100606,食品,青果物,きのこ類・山菜類,舞茸,舞茸
100607,食品,青果物,きのこ類・山菜類,エリンギ,エリンギ
100690,食品,青果物,きのこ類・山菜類,きのこその他,きのこその他
100610,食品,青果物,きのこ類・山菜類,わらび,わらび
100608,食品,青果物,きのこ類・山菜類,ぜんまい,ぜんまい
100691,食品,青果物,きのこ類・山菜類,その他山菜類,その他山菜類
100680,食品,青果物,きのこ類・山菜類,全般,全般
102212,食品,青果物,香味野菜,わさび,わさび
102213,食品,青果物,香味野菜,しょうが,しょうが
102214,食品,青果物,香味野菜,大葉,大葉
102208,食品,青果物,香味野菜,しその実,しその実
102215,食品,青果物,香味野菜,みょうが,みょうが
102211,食品,青果物,香味野菜,木の芽,木の芽
102210,食品,青果物,香味野菜,たで,たで
102207,食品,青果物,香味野菜,かいわれ,かいわれ
102216,食品,青果物,香味野菜,食物花,食物花
102290,食品,青果物,香味野菜,その他,その他
102280,食品,青果物,香味野菜,全般,全般
102307,食品,青果物,フレッシュハーブ類,ロケットサラダ,ロケットサラダ
102306,食品,青果物,フレッシュハーブ類,ミント,ミント
102304,食品,青果物,フレッシュハーブ類,バジル,バジル
102303,食品,青果物,フレッシュハーブ類,ディール,ディール
102308,食品,青果物,フレッシュハーブ類,チャービル,チャービル
102305,食品,青果物,フレッシュハーブ類,フェンネル,フェンネル
102390,食品,青果物,フレッシュハーブ類,その他,その他
102380,食品,青果物,フレッシュハーブ類,全般,全般
100801,食品,青果物,柑橘類,ハウスみかん,ハウスみかん
100823,食品,青果物,柑橘類,極早生温州みかん,極早生温州みかん
100802,食品,青果物,柑橘類,早生温州みかん,早生温州みかん
100824,食品,青果物,柑橘類,中生温州みかん,中生温州みかん
100803,食品,青果物,柑橘類,普通温州みかん,普通温州みかん
100804,食品,青果物,柑橘類,ネーブルオレンジ,ネーブルオレンジ
100825,食品,青果物,柑橘類,夏柑類,夏柑類
100808,食品,青果物,柑橘類,伊予柑,伊予柑
100809,食品,青果物,柑橘類,はっさく,はっさく
100821,食品,青果物,柑橘類,ぶんたん,ぶんたん
100810,食品,青果物,柑橘類,ポンカン,ポンカン
100811,食品,青果物,柑橘類,レモン,レモン
100812,食品,青果物,柑橘類,バレンシアオレンジ,バレンシアオレンジ
100813,食品,青果物,柑橘類,グレープフルーツ,グレープフルーツ
100814,食品,青果物,柑橘類,清見,清見
100819,食品,青果物,柑橘類,きんかん,きんかん
100815,食品,青果物,柑橘類,柚子,柚子
100816,食品,青果物,柑橘類,すだち,すだち
100817,食品,青果物,柑橘類,かぼす,かぼす
100826,食品,青果物,柑橘類,ライム,ライム
100893,食品,青果物,柑橘類,その他,その他
100880,食品,青果物,柑橘類,全般,全般
100903,食品,青果物,りんご,津軽,津軽
100904,食品,青果物,りんご,ゴールデンデリシャス,ゴールデンデリシャス
100905,食品,青果物,りんご,ジョナゴールド,ジョナゴールド
100906,食品,青果物,りんご,スターキングデリシャス,スターキングデリシャス
100907,食品,青果物,りんご,紅玉,紅玉
100908,食品,青果物,りんご,陸奥,陸奥
100909,食品,青果物,りんご,陽光,陽光
100910,食品,青果物,りんご,千秋,千秋
100911,食品,青果物,りんご,北斗,北斗
100912,食品,青果物,りんご,国光,国光
100914,食品,青果物,りんご,ふじ,ふじ
100915,食品,青果物,りんご,王林,王林
100990,食品,青果物,りんご,その他,その他
100980,食品,青果物,りんご,全般,全般
101001,食品,青果物,なし,長十郎,長十郎
101002,食品,青果物,なし,幸水,幸水
101003,食品,青果物,なし,新水,新水
101004,食品,青果物,なし,豊水,豊水
101005,食品,青果物,なし,新高,新高
101007,食品,青果物,なし,二十世紀,二十世紀
101008,食品,青果物,なし,新世紀,新世紀
101011,食品,青果物,なし,西洋なし,西洋なし
101090,食品,青果物,なし,その他,その他
101080,食品,青果物,なし,全般,全般
101101,食品,青果物,かき,富有,富有
101102,食品,青果物,かき,松本早生,松本早生
101103,食品,青果物,かき,西村早生,西村早生
101104,食品,青果物,かき,次郎,次郎
101107,食品,青果物,かき,平核無,平核無
101108,食品,青果物,かき,刃根早生,刃根早生
101110,食品,青果物,かき,愛宕,愛宕
101119,食品,青果物,かき,ひらたね柿,ひらたね柿
101190,食品,青果物,かき,その他,その他
101180,食品,青果物,かき,全般,全般
101204,食品,青果物,ぶどう,デラウエア,デラウエア
101201,食品,青果物,ぶどう,ハウスデラウェア,ハウスデラウェア
101205,食品,青果物,ぶどう,巨峰,巨峰
101202,食品,青果物,ぶどう,ハウス巨峰,ハウス巨峰
101210,食品,青果物,ぶどう,マスカット,マスカット
101218,食品,青果物,ぶどう,オリンピア,オリンピア
101222,食品,青果物,ぶどう,甲斐路,甲斐路
101206,食品,青果物,ぶどう,ピオーネ,ピオーネ
101209,食品,青果物,ぶどう,甲州,甲州
101216,食品,青果物,ぶどう,レットグローブ,レットグローブ
101290,食品,青果物,ぶどう,その他,その他
101280,食品,青果物,ぶどう,全般,全般
101301,食品,青果物,いちご,女峰,女峰
101302,食品,青果物,いちご,とよのか,とよのか
101303,食品,青果物,いちご,とちおとめ,とちおとめ
101304,食品,青果物,いちご,アイベリー,アイベリー
101306,食品,青果物,いちご,さちのか,さちのか
101305,食品,青果物,いちご,さがほのか,さがほのか
101307,食品,青果物,いちご,あまおう,あまおう
101390,食品,青果物,いちご,その他,その他
101380,食品,青果物,いちご,全般,全般
101401,食品,青果物,メロン,アールス,アールス
101402,食品,青果物,メロン,プリンス,プリンス
101403,食品,青果物,メロン,アンデス,アンデス
101404,食品,青果物,メロン,アムス,アムス
101406,食品,青果物,メロン,ホームラン,ホームラン
101407,食品,青果物,メロン,クインシー,クインシー
101409,食品,青果物,メロン,夕張,夕張
101408,食品,青果物,メロン,赤肉,赤肉
101490,食品,青果物,メロン,その他,その他
101480,食品,青果物,メロン,全般,全般
101504,食品,青果物,すいか,すいか,すいか
101503,食品,青果物,すいか,こだますいか,こだますいか
101590,食品,青果物,すいか,その他,その他
101580,食品,青果物,すいか,全般,全般
102101,食品,青果物,桃、くり、その他果実,桃,桃
102102,食品,青果物,桃、くり、その他果実,ネクタリン,ネクタリン
102103,食品,青果物,桃、くり、その他果実,すもも,すもも
102104,食品,青果物,桃、くり、その他果実,くり,くり
102105,食品,青果物,桃、くり、その他果実,さくらんぼ,さくらんぼ
102106,食品,青果物,桃、くり、その他果実,輸入さくらんぼ,輸入さくらんぼ
102107,食品,青果物,桃、くり、その他果実,びわ,びわ
102108,食品,青果物,桃、くり、その他果実,あんず,あんず
102109,食品,青果物,桃、くり、その他果実,うめ,うめ
102110,食品,青果物,桃、くり、その他果実,プルーン,プルーン
102111,食品,青果物,桃、くり、その他果実,いちじく,いちじく
102112,食品,青果物,桃、くり、その他果実,ベリー類,ベリー類
102190,食品,青果物,桃、くり、その他果実,その他,その他
102180,食品,青果物,桃、くり、その他果実,全般,全般
102401,食品,青果物,トロピカルフルーツ,バナナ,バナナ
102402,食品,青果物,トロピカルフルーツ,パインアップル,パインアップル
102403,食品,青果物,トロピカルフルーツ,キウイフルーツ,キウイフルーツ
102404,食品,青果物,トロピカルフルーツ,パパイア,パパイア
102405,食品,青果物,トロピカルフルーツ,マンゴー,マンゴー
102406,食品,青果物,トロピカルフルーツ,アボガド,アボガド
102490,食品,青果物,トロピカルフルーツ,その他,その他
102480,食品,青果物,トロピカルフルーツ,全般,全般
114202,食品,畜産物・卵,和牛C,かた（うで）,かた（うで）
114208,食品,畜産物・卵,和牛C,ロース,ロース
114206,食品,畜産物・卵,和牛C,ヒレ,ヒレ
114203,食品,畜産物・卵,和牛C,かたばら,かたばら
114201,食品,畜産物・卵,和牛C,うちもも,うちもも
114204,食品,畜産物・卵,和牛C,しんたま,しんたま
114207,食品,畜産物・卵,和牛C,らんいち,らんいち
114205,食品,畜産物・卵,和牛C,そともも,そともも
114209,食品,畜産物・卵,和牛C,内臓,内臓
114290,食品,畜産物・卵,和牛C,その他,その他
114280,食品,畜産物・卵,和牛C,全般,全般
114601,食品,畜産物・卵,和牛F,かた（うで）,かた（うで）
114602,食品,畜産物・卵,和牛F,ロース,ロース
114603,食品,畜産物・卵,和牛F,ヒレ,ヒレ
114604,食品,畜産物・卵,和牛F,かたばら,かたばら
114605,食品,畜産物・卵,和牛F,うちもも,うちもも
114606,食品,畜産物・卵,和牛F,しんたま,しんたま
114607,食品,畜産物・卵,和牛F,らんいち,らんいち
114608,食品,畜産物・卵,和牛F,そともも,そともも
114609,食品,畜産物・卵,和牛F,内臓,内臓
114690,食品,畜産物・卵,和牛F,その他,その他
114680,食品,畜産物・卵,和牛F,全般,全般
114701,食品,畜産物・卵,国産牛C,かた（うで）,かた（うで）
114702,食品,畜産物・卵,国産牛C,ロース,ロース
114703,食品,畜産物・卵,国産牛C,ヒレ,ヒレ
114704,食品,畜産物・卵,国産牛C,かたばら,かたばら
114705,食品,畜産物・卵,国産牛C,うちもも,うちもも
114706,食品,畜産物・卵,国産牛C,しんたま,しんたま
114707,食品,畜産物・卵,国産牛C,らんいち,らんいち
114708,食品,畜産物・卵,国産牛C,そともも,そともも
114709,食品,畜産物・卵,国産牛C,内臓,内臓
114790,食品,畜産物・卵,国産牛C,その他,その他
114780,食品,畜産物・卵,国産牛C,全般,全般
114801,食品,畜産物・卵,国産牛F,かた（うで）,かた（うで）
114802,食品,畜産物・卵,国産牛F,ロース,ロース
114803,食品,畜産物・卵,国産牛F,ヒレ,ヒレ
114804,食品,畜産物・卵,国産牛F,かたばら,かたばら
114805,食品,畜産物・卵,国産牛F,うちもも,うちもも
114806,食品,畜産物・卵,国産牛F,しんたま,しんたま
114807,食品,畜産物・卵,国産牛F,らんいち,らんいち
114808,食品,畜産物・卵,国産牛F,そともも,そともも
114809,食品,畜産物・卵,国産牛F,内臓,内臓
114890,食品,畜産物・卵,国産牛F,その他,その他
114880,食品,畜産物・卵,国産牛F,全般,全般
113702,食品,畜産物・卵,交雑種C,かた（うで）,かた（うで）
113708,食品,畜産物・卵,交雑種C,ロース,ロース
113706,食品,畜産物・卵,交雑種C,ヒレ,ヒレ
113703,食品,畜産物・卵,交雑種C,かたばら,かたばら
113701,食品,畜産物・卵,交雑種C,うちもも,うちもも
113704,食品,畜産物・卵,交雑種C,しんたま,しんたま
113707,食品,畜産物・卵,交雑種C,らんいち,らんいち
113705,食品,畜産物・卵,交雑種C,そともも,そともも
113709,食品,畜産物・卵,交雑種C,内臓,内臓
113790,食品,畜産物・卵,交雑種C,その他,その他
113780,食品,畜産物・卵,交雑種C,全般,全般
113602,食品,畜産物・卵,ホルスC,かた（うで）,かた（うで）
113608,食品,畜産物・卵,ホルスC,ロース,ロース
113606,食品,畜産物・卵,ホルスC,ヒレ,ヒレ
113603,食品,畜産物・卵,ホルスC,かたばら,かたばら
113601,食品,畜産物・卵,ホルスC,うちもも,うちもも
113604,食品,畜産物・卵,ホルスC,しんたま,しんたま
113607,食品,畜産物・卵,ホルスC,らんいち,らんいち
113605,食品,畜産物・卵,ホルスC,そともも,そともも
113609,食品,畜産物・卵,ホルスC,内臓,内臓
113690,食品,畜産物・卵,ホルスC,その他,その他
113680,食品,畜産物・卵,ホルスC,全般,全般
111810,食品,畜産物・卵,Ｕ．Ｓ．産牛肉C,リブアイロールリップオン,リブアイロールリップオン
111804,食品,畜産物・卵,Ｕ．Ｓ．産牛肉C,ショルダークロッド,ショルダークロッド
111808,食品,畜産物・卵,Ｕ．Ｓ．産牛肉C,ブリスケット,ブリスケット
111806,食品,畜産物・卵,Ｕ．Ｓ．産牛肉C,ストリップロイン,ストリップロイン
111805,食品,畜産物・卵,Ｕ．Ｓ．産牛肉C,ステーキレディストリップロイン,ステーキレディストリップロイン
111809,食品,畜産物・卵,Ｕ．Ｓ．産牛肉C,フルテンダーロイン,フルテンダーロイン
111811,食品,畜産物・卵,Ｕ．Ｓ．産牛肉C,チャックアイロール,チャックアイロール
111812,食品,畜産物・卵,Ｕ．Ｓ．産牛肉C,ショートリブ,ショートリブ
111813,食品,畜産物・卵,Ｕ．Ｓ．産牛肉C,チャックリブ,チャックリブ
111814,食品,畜産物・卵,Ｕ．Ｓ．産牛肉C,アウトサイドスカート,アウトサイドスカート
111890,食品,畜産物・卵,Ｕ．Ｓ．産牛肉C,その他,その他
111880,食品,畜産物・卵,Ｕ．Ｓ．産牛肉C,全般,全般
111913,食品,畜産物・卵,Ｕ．Ｓ．産牛肉F,リブアイロールリップオン,リブアイロールリップオン
111915,食品,畜産物・卵,Ｕ．Ｓ．産牛肉F,ショルダークロッド,ショルダークロッド
111917,食品,畜産物・卵,Ｕ．Ｓ．産牛肉F,スクェアカットチャック,スクェアカットチャック
111919,食品,畜産物・卵,Ｕ．Ｓ．産牛肉F,ブリスケット,ブリスケット
111909,食品,畜産物・卵,Ｕ．Ｓ．産牛肉F,ショートプレート,ショートプレート
111921,食品,畜産物・卵,Ｕ．Ｓ．産牛肉F,ストリップロイン,ストリップロイン
111910,食品,畜産物・卵,Ｕ．Ｓ．産牛肉F,ステーキレディストリップロイン,ステーキレディストリップロイン
111923,食品,畜産物・卵,Ｕ．Ｓ．産牛肉F,フルテンダーロイン,フルテンダーロイン
111925,食品,畜産物・卵,Ｕ．Ｓ．産牛肉F,チャックアイロール,チャックアイロール
111927,食品,畜産物・卵,Ｕ．Ｓ．産牛肉F,ショートリブ,ショートリブ
111929,食品,畜産物・卵,Ｕ．Ｓ．産牛肉F,チャックリブ,チャックリブ
111931,食品,畜産物・卵,Ｕ．Ｓ．産牛肉F,アウトサイドスカート,アウトサイドスカート
111990,食品,畜産物・卵,Ｕ．Ｓ．産牛肉F,その他,その他
111980,食品,畜産物・卵,Ｕ．Ｓ．産牛肉F,全般,全般
112011,食品,畜産物・卵,オーストラリア産牛肉C,フルセット,フルセット
112013,食品,畜産物・卵,オーストラリア産牛肉C,チャックロール,チャックロール
112015,食品,畜産物・卵,オーストラリア産牛肉C,クロッド,クロッド
112009,食品,畜産物・卵,オーストラリア産牛肉C,チャックテンダー,チャックテンダー
112017,食品,畜産物・卵,オーストラリア産牛肉C,キューブロール,キューブロール
112010,食品,畜産物・卵,オーストラリア産牛肉C,ブリスケット,ブリスケット
112019,食品,畜産物・卵,オーストラリア産牛肉C,ストリップロイン,ストリップロイン
112021,食品,畜産物・卵,オーストラリア産牛肉C,テンダーロイン,テンダーロイン
112023,食品,畜産物・卵,オーストラリア産牛肉C,Ｄ－ランプ,Ｄ－ランプ
112025,食品,畜産物・卵,オーストラリア産牛肉C,シックフランク,シックフランク
112027,食品,畜産物・卵,オーストラリア産牛肉C,トップサイド,トップサイド
112029,食品,畜産物・卵,オーストラリア産牛肉C,シルバーサイド,シルバーサイド
112090,食品,畜産物・卵,オーストラリア産牛肉C,その他,その他
112080,食品,畜産物・卵,オーストラリア産牛肉C,全般,全般
112105,食品,畜産物・卵,オーストラリア産牛肉F,チャック＆ブレード,チャック＆ブレード
112104,食品,畜産物・卵,オーストラリア産牛肉F,ブリスケット,ブリスケット
112107,食品,畜産物・卵,オーストラリア産牛肉F,トップサイド,トップサイド
112109,食品,畜産物・卵,オーストラリア産牛肉F,シックフランク,シックフランク
112111,食品,畜産物・卵,オーストラリア産牛肉F,トリミング,トリミング
112190,食品,畜産物・卵,オーストラリア産牛肉F,その他,その他
112180,食品,畜産物・卵,オーストラリア産牛肉F,全般,全般
112502,食品,畜産物・卵,その他輸入牛肉C,かた（うで）,かた（うで）
112509,食品,畜産物・卵,その他輸入牛肉C,ロース,ロース
112507,食品,畜産物・卵,その他輸入牛肉C,ヒレ,ヒレ
112503,食品,畜産物・卵,その他輸入牛肉C,かたばら,かたばら
112501,食品,畜産物・卵,その他輸入牛肉C,うちもも,うちもも
112504,食品,畜産物・卵,その他輸入牛肉C,しんたま,しんたま
112508,食品,畜産物・卵,その他輸入牛肉C,らんいち,らんいち
112505,食品,畜産物・卵,その他輸入牛肉C,そともも,そともも
112510,食品,畜産物・卵,その他輸入牛肉C,内臓,内臓
112590,食品,畜産物・卵,その他輸入牛肉C,その他,その他
112580,食品,畜産物・卵,その他輸入牛肉C,全般,全般
112602,食品,畜産物・卵,その他輸入牛肉F,かた（うで）,かた（うで）
112609,食品,畜産物・卵,その他輸入牛肉F,ロース,ロース
112607,食品,畜産物・卵,その他輸入牛肉F,ヒレ,ヒレ
112603,食品,畜産物・卵,その他輸入牛肉F,かたばら,かたばら
112601,食品,畜産物・卵,その他輸入牛肉F,うちもも,うちもも
112604,食品,畜産物・卵,その他輸入牛肉F,しんたま,しんたま
112608,食品,畜産物・卵,その他輸入牛肉F,らんいち,らんいち
112605,食品,畜産物・卵,その他輸入牛肉F,そともも,そともも
112610,食品,畜産物・卵,その他輸入牛肉F,内臓,内臓
112690,食品,畜産物・卵,その他輸入牛肉F,その他,その他
112680,食品,畜産物・卵,その他輸入牛肉F,全般,全般
112211,食品,畜産物・卵,国産豚肉C,枝肉,枝肉
112213,食品,畜産物・卵,国産豚肉C,フルセット,フルセット
112215,食品,畜産物・卵,国産豚肉C,かた（うで）,かた（うで）
112217,食品,畜産物・卵,国産豚肉C,かたロース,かたロース
112219,食品,畜産物・卵,国産豚肉C,ロース,ロース
112221,食品,畜産物・卵,国産豚肉C,ヒレ,ヒレ
112223,食品,畜産物・卵,国産豚肉C,ばら,ばら
112225,食品,畜産物・卵,国産豚肉C,もも,もも
112209,食品,畜産物・卵,国産豚肉C,そともも,そともも
112210,食品,畜産物・卵,国産豚肉C,内臓,内臓
112290,食品,畜産物・卵,国産豚肉C,その他,その他
112280,食品,畜産物・卵,国産豚肉C,全般,全般
112309,食品,畜産物・卵,国産豚肉F,かた（うで）,かた（うで）
112311,食品,畜産物・卵,国産豚肉F,かたロース,かたロース
112313,食品,畜産物・卵,国産豚肉F,ロース,ロース
112315,食品,畜産物・卵,国産豚肉F,ヒレ,ヒレ
112317,食品,畜産物・卵,国産豚肉F,ばら,ばら
112319,食品,畜産物・卵,国産豚肉F,もも,もも
112307,食品,畜産物・卵,国産豚肉F,そともも,そともも
112308,食品,畜産物・卵,国産豚肉F,内臓,内臓
112390,食品,畜産物・卵,国産豚肉F,その他,その他
112380,食品,畜産物・卵,国産豚肉F,全般,全般
114301,食品,畜産物・卵,Ｕ．Ｓ．産豚肉C,かた（うで）,かた（うで）
114302,食品,畜産物・卵,Ｕ．Ｓ．産豚肉C,かたロース,かたロース
114303,食品,畜産物・卵,Ｕ．Ｓ．産豚肉C,ロース,ロース
114304,食品,畜産物・卵,Ｕ．Ｓ．産豚肉C,ヒレ,ヒレ
114305,食品,畜産物・卵,Ｕ．Ｓ．産豚肉C,ばら,ばら
114306,食品,畜産物・卵,Ｕ．Ｓ．産豚肉C,もも,もも
114390,食品,畜産物・卵,Ｕ．Ｓ．産豚肉C,その他,その他
114380,食品,畜産物・卵,Ｕ．Ｓ．産豚肉C,全般,全般
114401,食品,畜産物・卵,Ｕ．Ｓ．産豚肉F,かた（うで）,かた（うで）
114402,食品,畜産物・卵,Ｕ．Ｓ．産豚肉F,かたロース,かたロース
114403,食品,畜産物・卵,Ｕ．Ｓ．産豚肉F,ロース,ロース
114404,食品,畜産物・卵,Ｕ．Ｓ．産豚肉F,ヒレ,ヒレ
114405,食品,畜産物・卵,Ｕ．Ｓ．産豚肉F,ばら,ばら
114406,食品,畜産物・卵,Ｕ．Ｓ．産豚肉F,もも,もも
114490,食品,畜産物・卵,Ｕ．Ｓ．産豚肉F,その他,その他
114480,食品,畜産物・卵,Ｕ．Ｓ．産豚肉F,全般,全般
112401,食品,畜産物・卵,カナダ産豚肉C,かた（うで）,かた（うで）
112402,食品,畜産物・卵,カナダ産豚肉C,かたロース,かたロース
112406,食品,畜産物・卵,カナダ産豚肉C,ロース,ロース
112404,食品,畜産物・卵,カナダ産豚肉C,ヒレ,ヒレ
112403,食品,畜産物・卵,カナダ産豚肉C,ばら,ばら
112405,食品,畜産物・卵,カナダ産豚肉C,もも,もも
112490,食品,畜産物・卵,カナダ産豚肉C,その他,その他
112480,食品,畜産物・卵,カナダ産豚肉C,全般,全般
114501,食品,畜産物・卵,カナダ産豚肉F,かた（うで）,かた（うで）
114502,食品,畜産物・卵,カナダ産豚肉F,かたロース,かたロース
114503,食品,畜産物・卵,カナダ産豚肉F,ロース,ロース
114504,食品,畜産物・卵,カナダ産豚肉F,ヒレ,ヒレ
114505,食品,畜産物・卵,カナダ産豚肉F,ばら,ばら
114506,食品,畜産物・卵,カナダ産豚肉F,もも,もも
114590,食品,畜産物・卵,カナダ産豚肉F,その他,その他
114580,食品,畜産物・卵,カナダ産豚肉F,全般,全般
110703,食品,畜産物・卵,デンマーク産豚肉F,かた（うで）,かた（うで）
110702,食品,畜産物・卵,デンマーク産豚肉F,かたロース,かたロース
110700,食品,畜産物・卵,デンマーク産豚肉F,ロース,ロース
110701,食品,畜産物・卵,デンマーク産豚肉F,ヒレ,ヒレ
110704,食品,畜産物・卵,デンマーク産豚肉F,ばら,ばら
110705,食品,畜産物・卵,デンマーク産豚肉F,もも,もも
110790,食品,畜産物・卵,デンマーク産豚肉F,その他,その他
110780,食品,畜産物・卵,デンマーク産豚肉F,全般,全般
114901,食品,畜産物・卵,イベリコ豚C,かた（うで）,かた（うで）
114902,食品,畜産物・卵,イベリコ豚C,かたロース,かたロース
114903,食品,畜産物・卵,イベリコ豚C,ロース,ロース
114904,食品,畜産物・卵,イベリコ豚C,ヒレ,ヒレ
114905,食品,畜産物・卵,イベリコ豚C,ばら,ばら
114906,食品,畜産物・卵,イベリコ豚C,もも,もも
114990,食品,畜産物・卵,イベリコ豚C,その他,その他
114980,食品,畜産物・卵,イベリコ豚C,全般,全般
115001,食品,畜産物・卵,イベリコ豚F,かた（うで）,かた（うで）
115002,食品,畜産物・卵,イベリコ豚F,かたロース,かたロース
115003,食品,畜産物・卵,イベリコ豚F,ロース,ロース
115004,食品,畜産物・卵,イベリコ豚F,ヒレ,ヒレ
115005,食品,畜産物・卵,イベリコ豚F,ばら,ばら
115006,食品,畜産物・卵,イベリコ豚F,もも,もも
115090,食品,畜産物・卵,イベリコ豚F,その他,その他
115080,食品,畜産物・卵,イベリコ豚F,全般,全般
112901,食品,畜産物・卵,その他輸入豚肉C,かた（うで）,かた（うで）
112902,食品,畜産物・卵,その他輸入豚肉C,かたロース,かたロース
112907,食品,畜産物・卵,その他輸入豚肉C,ロース,ロース
112905,食品,畜産物・卵,その他輸入豚肉C,ヒレ,ヒレ
112904,食品,畜産物・卵,その他輸入豚肉C,ばら,ばら
112906,食品,畜産物・卵,その他輸入豚肉C,もも,もも
112990,食品,畜産物・卵,その他輸入豚肉C,その他,その他
112980,食品,畜産物・卵,その他輸入豚肉C,全般,全般
113001,食品,畜産物・卵,その他輸入豚肉F,かた（うで）,かた（うで）
113002,食品,畜産物・卵,その他輸入豚肉F,かたロース,かたロース
113007,食品,畜産物・卵,その他輸入豚肉F,ロース,ロース
113005,食品,畜産物・卵,その他輸入豚肉F,ヒレ,ヒレ
113004,食品,畜産物・卵,その他輸入豚肉F,ばら,ばら
113006,食品,畜産物・卵,その他輸入豚肉F,もも,もも
113090,食品,畜産物・卵,その他輸入豚肉F,その他,その他
113080,食品,畜産物・卵,その他輸入豚肉F,全般,全般
113808,食品,畜産物・卵,国産鶏肉C,手羽もと,手羽もと
113806,食品,畜産物・卵,国産鶏肉C,手羽さき,手羽さき
113807,食品,畜産物・卵,国産鶏肉C,手羽なか,手羽なか
113803,食品,畜産物・卵,国産鶏肉C,むね,むね
113805,食品,畜産物・卵,国産鶏肉C,もも,もも
113801,食品,畜産物・卵,国産鶏肉C,ささみ,ささみ
113804,食品,畜産物・卵,国産鶏肉C,もつ,もつ
113809,食品,畜産物・卵,国産鶏肉C,丸鶏,丸鶏
113802,食品,畜産物・卵,国産鶏肉C,副産品・その他,副産品・その他
113880,食品,畜産物・卵,国産鶏肉C,全般,全般
113908,食品,畜産物・卵,国産鶏肉F,手羽もと,手羽もと
113906,食品,畜産物・卵,国産鶏肉F,手羽さき,手羽さき
113907,食品,畜産物・卵,国産鶏肉F,手羽なか,手羽なか
113903,食品,畜産物・卵,国産鶏肉F,むね,むね
113905,食品,畜産物・卵,国産鶏肉F,もも,もも
113901,食品,畜産物・卵,国産鶏肉F,ささみ,ささみ
113904,食品,畜産物・卵,国産鶏肉F,もつ,もつ
113909,食品,畜産物・卵,国産鶏肉F,丸鶏,丸鶏
113902,食品,畜産物・卵,国産鶏肉F,副産品・その他,副産品・その他
113980,食品,畜産物・卵,国産鶏肉F,全般,全般
111303,食品,畜産物・卵,Ｕ．Ｓ．産鶏肉F,手羽さき,手羽さき
111304,食品,畜産物・卵,Ｕ．Ｓ．産鶏肉F,手羽中,手羽中
111305,食品,畜産物・卵,Ｕ．Ｓ．産鶏肉F,手羽中ハーフカット,手羽中ハーフカット
111300,食品,畜産物・卵,Ｕ．Ｓ．産鶏肉F,骨つきもも,骨つきもも
111301,食品,畜産物・卵,Ｕ．Ｓ．産鶏肉F,もも,もも
111302,食品,畜産物・卵,Ｕ．Ｓ．産鶏肉F,もも切り身,もも切り身
111390,食品,畜産物・卵,Ｕ．Ｓ．産鶏肉F,その他,その他
111380,食品,畜産物・卵,Ｕ．Ｓ．産鶏肉F,全般,全般
113503,食品,畜産物・卵,ブラジル産鶏肉F,手羽中,手羽中
113504,食品,畜産物・卵,ブラジル産鶏肉F,手羽中ハーフカット,手羽中ハーフカット
113501,食品,畜産物・卵,ブラジル産鶏肉F,もも,もも
113502,食品,畜産物・卵,ブラジル産鶏肉F,もも切り身,もも切り身
113590,食品,畜産物・卵,ブラジル産鶏肉F,その他,その他
113580,食品,畜産物・卵,ブラジル産鶏肉F,全般,全般
113203,食品,畜産物・卵,タイ産鶏肉C,手羽中ハーフカット,手羽中ハーフカット
113202,食品,畜産物・卵,タイ産鶏肉C,もも切り身,もも切り身
113201,食品,畜産物・卵,タイ産鶏肉C,むね切り身,むね切り身
113290,食品,畜産物・卵,タイ産鶏肉C,その他,その他
113280,食品,畜産物・卵,タイ産鶏肉C,全般,全般
113303,食品,畜産物・卵,タイ産鶏肉F,手羽中ハーフカット,手羽中ハーフカット
113302,食品,畜産物・卵,タイ産鶏肉F,もも切り身,もも切り身
113301,食品,畜産物・卵,タイ産鶏肉F,むね切り身,むね切り身
113390,食品,畜産物・卵,タイ産鶏肉F,その他,その他
113380,食品,畜産物・卵,タイ産鶏肉F,全般,全般
114004,食品,畜産物・卵,中国産鶏肉C,手羽もと,手羽もと
114005,食品,畜産物・卵,中国産鶏肉C,手羽中ハーフカット,手羽中ハーフカット
114003,食品,畜産物・卵,中国産鶏肉C,もも切り身,もも切り身
114002,食品,畜産物・卵,中国産鶏肉C,むね切り身,むね切り身
114001,食品,畜産物・卵,中国産鶏肉C,ささみ,ささみ
114090,食品,畜産物・卵,中国産鶏肉C,その他,その他
114080,食品,畜産物・卵,中国産鶏肉C,全般,全般
114104,食品,畜産物・卵,中国産鶏肉F,手羽もと,手羽もと
114105,食品,畜産物・卵,中国産鶏肉F,手羽中ハーフカット,手羽中ハーフカット
114103,食品,畜産物・卵,中国産鶏肉F,もも切り身,もも切り身
114102,食品,畜産物・卵,中国産鶏肉F,むね切り身,むね切り身
114101,食品,畜産物・卵,中国産鶏肉F,ささみ,ささみ
114190,食品,畜産物・卵,中国産鶏肉F,その他,その他
114180,食品,畜産物・卵,中国産鶏肉F,全般,全般
112707,食品,畜産物・卵,その他輸入鶏肉C,手羽もと,手羽もと
112706,食品,畜産物・卵,その他輸入鶏肉C,手羽さき,手羽さき
112708,食品,畜産物・卵,その他輸入鶏肉C,手羽中ハーフカット,手羽中ハーフカット
112703,食品,畜産物・卵,その他輸入鶏肉C,むね,むね
112705,食品,畜産物・卵,その他輸入鶏肉C,もも,もも
112701,食品,畜産物・卵,その他輸入鶏肉C,ささみ,ささみ
112704,食品,畜産物・卵,その他輸入鶏肉C,もつ,もつ
112790,食品,畜産物・卵,その他輸入鶏肉C,その他,その他
112780,食品,畜産物・卵,その他輸入鶏肉C,全般,全般
112807,食品,畜産物・卵,その他輸入鶏肉F,手羽もと,手羽もと
112806,食品,畜産物・卵,その他輸入鶏肉F,手羽さき,手羽さき
112808,食品,畜産物・卵,その他輸入鶏肉F,手羽中ハーフカット,手羽中ハーフカット
112803,食品,畜産物・卵,その他輸入鶏肉F,むね,むね
112805,食品,畜産物・卵,その他輸入鶏肉F,もも,もも
112801,食品,畜産物・卵,その他輸入鶏肉F,ささみ,ささみ
112804,食品,畜産物・卵,その他輸入鶏肉F,もつ,もつ
112890,食品,畜産物・卵,その他輸入鶏肉F,その他,その他
112880,食品,畜産物・卵,その他輸入鶏肉F,全般,全般
111602,食品,畜産物・卵,羊・鴨・ジビエ・その他,羊,羊
111607,食品,畜産物・卵,羊・鴨・ジビエ・その他,鴨,鴨
111601,食品,畜産物・卵,羊・鴨・ジビエ・その他,馬,馬
111600,食品,畜産物・卵,羊・鴨・ジビエ・その他,子牛,子牛
111608,食品,畜産物・卵,羊・鴨・ジビエ・その他,はと,はと
111604,食品,畜産物・卵,羊・鴨・ジビエ・その他,いのしし,いのしし
111606,食品,畜産物・卵,羊・鴨・ジビエ・その他,鹿,鹿
111610,食品,畜産物・卵,羊・鴨・ジビエ・その他,熊,熊
111611,食品,畜産物・卵,羊・鴨・ジビエ・その他,キジ,キジ
111690,食品,畜産物・卵,羊・鴨・ジビエ・その他,その他,その他
111680,食品,畜産物・卵,羊・鴨・ジビエ・その他,全般,全般
111700,食品,畜産物・卵,鶏卵,ＬＬ,ＬＬ
111701,食品,畜産物・卵,鶏卵,Ｌ,Ｌ
111702,食品,畜産物・卵,鶏卵,Ｍ,Ｍ
111703,食品,畜産物・卵,鶏卵,ＭＳ,ＭＳ
111704,食品,畜産物・卵,鶏卵,Ｓ,Ｓ
111705,食品,畜産物・卵,鶏卵,ＳＳ,ＳＳ
111706,食品,畜産物・卵,鶏卵,ブランド卵,ブランド卵
111790,食品,畜産物・卵,鶏卵,その他,その他
111780,食品,畜産物・卵,鶏卵,全般,全般
113101,食品,畜産物・卵,その他卵,うずら,うずら
113102,食品,畜産物・卵,その他卵,ピータン,ピータン
113190,食品,畜産物・卵,その他卵,その他,その他
113180,食品,畜産物・卵,その他卵,全般,全般
122330,食品,水産物,鮮魚,アイナメ,アイナメ
122331,食品,水産物,鮮魚,アジ,アジ
122349,食品,水産物,鮮魚,アンコウ,アンコウ
122333,食品,水産物,鮮魚,イサキ,イサキ
122334,食品,水産物,鮮魚,イワシ,イワシ
122318,食品,水産物,鮮魚,カサゴ,カサゴ
122337,食品,水産物,鮮魚,カツオ,カツオ
122319,食品,水産物,鮮魚,カマス,カマス
122338,食品,水産物,鮮魚,カレイ,カレイ
122321,食品,水産物,鮮魚,カンパチ,カンパチ
122339,食品,水産物,鮮魚,キス,キス
122340,食品,水産物,鮮魚,キンメ,キンメ
122347,食品,水産物,鮮魚,サバ,サバ
122322,食品,水産物,鮮魚,サヨリ,サヨリ
122336,食品,水産物,鮮魚,サンマ,サンマ
122341,食品,水産物,鮮魚,サワラ,サワラ
122323,食品,水産物,鮮魚,シシャモ,シシャモ
122343,食品,水産物,鮮魚,スズキ,スズキ
122344,食品,水産物,鮮魚,タイ,タイ
122345,食品,水産物,鮮魚,タチウオ,タチウオ
122324,食品,水産物,鮮魚,トビウオ,トビウオ
122346,食品,水産物,鮮魚,ヒラメ,ヒラメ
122326,食品,水産物,鮮魚,ブリ,ブリ
122325,食品,水産物,鮮魚,ハモ,ハモ
122342,食品,水産物,鮮魚,フグ,フグ
122335,食品,水産物,鮮魚,ホウボウ,ホウボウ
122327,食品,水産物,鮮魚,マナガツオ,マナガツオ
122328,食品,水産物,鮮魚,ムツ,ムツ
122329,食品,水産物,鮮魚,メバル,メバル
122395,食品,水産物,鮮魚,その他,その他
122380,食品,水産物,鮮魚,全般,全般
120507,食品,水産物,天然活魚,アイナメ,アイナメ
120506,食品,水産物,天然活魚,アナゴ,アナゴ
120505,食品,水産物,天然活魚,イシダイ,イシダイ
120513,食品,水産物,天然活魚,マダイ,マダイ
120510,食品,水産物,天然活魚,カンパチ,カンパチ
120514,食品,水産物,天然活魚,カレイ,カレイ
120511,食品,水産物,天然活魚,シマアジ,シマアジ
120502,食品,水産物,天然活魚,スズキ,スズキ
120512,食品,水産物,天然活魚,ハマチ,ハマチ
120501,食品,水産物,天然活魚,ヒラメ,ヒラメ
120590,食品,水産物,天然活魚,その他,その他
120580,食品,水産物,天然活魚,全般,全般
120605,食品,水産物,養殖活魚,アイナメ,アイナメ
120602,食品,水産物,養殖活魚,カンパチ,カンパチ
120606,食品,水産物,養殖活魚,カレイ,カレイ
120603,食品,水産物,養殖活魚,シマアジ,シマアジ
120607,食品,水産物,養殖活魚,スズキ,スズキ
120600,食品,水産物,養殖活魚,タイ,タイ
120604,食品,水産物,養殖活魚,ハマチ,ハマチ
120601,食品,水産物,養殖活魚,ヒラメ,ヒラメ
120608,食品,水産物,養殖活魚,マダイ,マダイ
120690,食品,水産物,養殖活魚,その他,その他
120680,食品,水産物,養殖活魚,全般,全般
122001,食品,水産物,淡水魚,アユ,アユ
122002,食品,水産物,淡水魚,イワナ,イワナ
122004,食品,水産物,淡水魚,ウナギ,ウナギ
122003,食品,水産物,淡水魚,ワカサギ,ワカサギ
122090,食品,水産物,淡水魚,その他,その他
122080,食品,水産物,淡水魚,全般,全般
121200,食品,水産物,マグロ類,本マグロ,本マグロ
121206,食品,水産物,マグロ類,インドマグロ,インドマグロ
121210,食品,水産物,マグロ類,メバチマグロ,メバチマグロ
121208,食品,水産物,マグロ類,キハダマグロ,キハダマグロ
121207,食品,水産物,マグロ類,カジキマグロ,カジキマグロ
121209,食品,水産物,マグロ類,ビンチョウマグロ,ビンチョウマグロ
121290,食品,水産物,マグロ類,その他,その他
121280,食品,水産物,マグロ類,全般,全般
122703,食品,水産物,サケ・マス類,ギン鮭,ギン鮭
122706,食品,水産物,サケ・マス類,ベニ鮭,ベニ鮭
122708,食品,水産物,サケ・マス類,秋鮭,秋鮭
122704,食品,水産物,サケ・マス類,トキ鮭,トキ鮭
122705,食品,水産物,サケ・マス類,トラウト,トラウト
122702,食品,水産物,サケ・マス類,キングサーモン,キングサーモン
122701,食品,水産物,サケ・マス類,アトランティックサーモン,アトランティックサーモン
122795,食品,水産物,サケ・マス類,その他,その他
122780,食品,水産物,サケ・マス類,全般,全般
120901,食品,水産物,貝類,アサリ,アサリ
120905,食品,水産物,貝類,赤貝,赤貝
120900,食品,水産物,貝類,アワビ,アワビ
120904,食品,水産物,貝類,カキ,カキ
120907,食品,水産物,貝類,サザエ,サザエ
120902,食品,水産物,貝類,シジミ,シジミ
120914,食品,水産物,貝類,平貝,平貝
120908,食品,水産物,貝類,ツブ貝,ツブ貝
120909,食品,水産物,貝類,トコブシ,トコブシ
120906,食品,水産物,貝類,トリ貝,トリ貝
120910,食品,水産物,貝類,ハマグリ,ハマグリ
120903,食品,水産物,貝類,ホタテ,ホタテ
120911,食品,水産物,貝類,ホッキ貝,ホッキ貝
120912,食品,水産物,貝類,ムール貝,ムール貝
120913,食品,水産物,貝類,貝柱,貝柱
120990,食品,水産物,貝類,その他,その他
120980,食品,水産物,貝類,全般,全般
121109,食品,水産物,イカ・タコ類,紋甲イカ,紋甲イカ
121103,食品,水産物,イカ・タコ類,アオリイカ,アオリイカ
121105,食品,水産物,イカ・タコ類,スルメイカ,スルメイカ
121108,食品,水産物,イカ・タコ類,ヤリイカ,ヤリイカ
121107,食品,水産物,イカ・タコ類,ムラサキイカ,ムラサキイカ
121104,食品,水産物,イカ・タコ類,イイダコ,イイダコ
121101,食品,水産物,イカ・タコ類,マダコ,マダコ
121106,食品,水産物,イカ・タコ類,ミズダコ,ミズダコ
121190,食品,水産物,イカ・タコ類,その他,その他
121180,食品,水産物,イカ・タコ類,全般,全般
122407,食品,水産物,エビ類,甘エビ,甘エビ
122406,食品,水産物,エビ類,伊勢エビ,伊勢エビ
122409,食品,水産物,エビ類,無頭ブラックタイガー,無頭ブラックタイガー
122410,食品,水産物,エビ類,有頭ブラックタイガー,有頭ブラックタイガー
122403,食品,水産物,エビ類,ホワイトエビ,ホワイトエビ
122411,食品,水産物,エビ類,ムキエビ,ムキエビ
122408,食品,水産物,エビ類,車エビ,車エビ
122405,食品,水産物,エビ類,ロブスター,ロブスター
122401,食品,水産物,エビ類,サクラエビ,サクラエビ
122402,食品,水産物,エビ類,スキャンピ,スキャンピ
122412,食品,水産物,エビ類,芝エビ,芝エビ
122413,食品,水産物,エビ類,ぼたんエビ,ぼたんエビ
122414,食品,水産物,エビ類,ピンクエビ,ピンクエビ
122415,食品,水産物,エビ類,ブラウンエビ,ブラウンエビ
122416,食品,水産物,エビ類,バナナエビ,バナナエビ
122417,食品,水産物,エビ類,大正エビ,大正エビ
122418,食品,水産物,エビ類,バナメイエビ,バナメイエビ
122490,食品,水産物,エビ類,その他,その他
122480,食品,水産物,エビ類,全般,全般
121812,食品,水産物,カニ類,ズワイガニ（姿）,ズワイガニ（姿）
121815,食品,水産物,カニ類,タラバガニ（姿） ,タラバガニ（姿） 
121802,食品,水産物,カニ類,毛ガニ,毛ガニ
121820,食品,水産物,カニ類,ワタリガニ,ワタリガニ
121814,食品,水産物,カニ類,ソフトシェルクラブ,ソフトシェルクラブ
121890,食品,水産物,カニ類,その他,その他
121880,食品,水産物,カニ類,全般,全般
121601,食品,水産物,魚卵,いくら,いくら
121602,食品,水産物,魚卵,かずのこ,かずのこ
121603,食品,水産物,魚卵,すじこ,すじこ
121600,食品,水産物,魚卵,たらこ,たらこ
121690,食品,水産物,魚卵,その他,その他
121680,食品,水産物,魚卵,全般,全般
122203,食品,水産物,小魚,生シラス,生シラス
122202,食品,水産物,小魚,小女子,小女子
122204,食品,水産物,小魚,シラウオ,シラウオ
122290,食品,水産物,小魚,その他,その他
122280,食品,水産物,小魚,全般,全般
122504,食品,水産物,海藻類,生ワカメ,生ワカメ
122501,食品,水産物,海藻類,生コンブ,生コンブ
122505,食品,水産物,海藻類,生ノリ,生ノリ
122503,食品,水産物,海藻類,生モズク,生モズク
122506,食品,水産物,海藻類,海藻,海藻
122595,食品,水産物,海藻類,その他,その他
122580,食品,水産物,海藻類,全般,全般
120406,食品,水産物,ウニ・その他,ウニ,ウニ
120403,食品,水産物,ウニ・その他,クラゲ,クラゲ
120404,食品,水産物,ウニ・その他,ナマコ,ナマコ
120405,食品,水産物,ウニ・その他,ホヤ,ホヤ
120407,食品,水産物,ウニ・その他,スッポン,スッポン
120480,食品,水産物,ウニ・その他,全般,全般
130703,食品,米・穀物,品種別（１００％）米,こしひかり,こしひかり
130701,食品,米・穀物,品種別（１００％）米,あきたこまち,あきたこまち
130706,食品,米・穀物,品種別（１００％）米,ひとめぼれ,ひとめぼれ
130704,食品,米・穀物,品種別（１００％）米,ササニシキ,ササニシキ
130702,食品,米・穀物,品種別（１００％）米,きらら397,きらら397
130705,食品,米・穀物,品種別（１００％）米,はえぬき,はえぬき
130790,食品,米・穀物,品種別（１００％）米,その他,その他
130780,食品,米・穀物,品種別（１００％）米,全般,全般
130304,食品,米・穀物,ブレンド米,こしひかり,こしひかり
130301,食品,米・穀物,ブレンド米,あきたこまち,あきたこまち
130302,食品,米・穀物,ブレンド米,ひとめぼれ,ひとめぼれ
130303,食品,米・穀物,ブレンド米,ササニシキ,ササニシキ
130390,食品,米・穀物,ブレンド米,その他,その他
130380,食品,米・穀物,ブレンド米,全般,全般
130802,食品,米・穀物,無洗米,こしひかり,こしひかり
130801,食品,米・穀物,無洗米,あきたこまち,あきたこまち
130804,食品,米・穀物,無洗米,ひとめぼれ,ひとめぼれ
130803,食品,米・穀物,無洗米,ササニシキ,ササニシキ
130890,食品,米・穀物,無洗米,その他,その他
130880,食品,米・穀物,無洗米,全般,全般
139004,食品,米・穀物,その他米,もち米,もち米
139007,食品,米・穀物,その他米,玄米,玄米
139005,食品,米・穀物,その他米,発芽玄米,発芽玄米
139006,食品,米・穀物,その他米,輸入米,輸入米
139095,食品,米・穀物,その他米,その他,その他
139080,食品,米・穀物,その他米,全般,全般
130604,食品,米・穀物,穀物,麦,麦
130601,食品,米・穀物,穀物,あわ,あわ
130602,食品,米・穀物,穀物,きび,きび
130603,食品,米・穀物,穀物,ひえ,ひえ
130690,食品,米・穀物,穀物,その他,その他
130680,食品,米・穀物,穀物,全般,全般
140000,食品,穀物加工品・粉類,米類,もち,もち
140090,食品,穀物加工品・粉類,米類,その他,その他
140080,食品,穀物加工品・粉類,米類,全般,全般
140100,食品,穀物加工品・粉類,パン,食パン,食パン
140101,食品,穀物加工品・粉類,パン,クロワッサン,クロワッサン
140102,食品,穀物加工品・粉類,パン,フランスパン,フランスパン
140103,食品,穀物加工品・粉類,パン,菓子パン,菓子パン
140190,食品,穀物加工品・粉類,パン,その他,その他
140180,食品,穀物加工品・粉類,パン,全般,全般
140300,食品,穀物加工品・粉類,粉類,小麦粉,小麦粉
140304,食品,穀物加工品・粉類,粉類,天ぷら粉,天ぷら粉
140306,食品,穀物加工品・粉類,粉類,パン粉,パン粉
140305,食品,穀物加工品・粉類,粉類,片栗粉,片栗粉
140302,食品,穀物加工品・粉類,粉類,そば粉,そば粉
140301,食品,穀物加工品・粉類,粉類,きな粉,きな粉
140303,食品,穀物加工品・粉類,粉類,ミックス粉,ミックス粉
140307,食品,穀物加工品・粉類,粉類,からあげ粉,からあげ粉
140308,食品,穀物加工品・粉類,粉類,ライ麦粉,ライ麦粉
140309,食品,穀物加工品・粉類,粉類,デンプン類,デンプン類
140310,食品,穀物加工品・粉類,粉類,くず・わらび類,くず・わらび類
140311,食品,穀物加工品・粉類,粉類,うるち類,うるち類
140390,食品,穀物加工品・粉類,粉類,その他,その他
140380,食品,穀物加工品・粉類,粉類,全般,全般
140200,食品,穀物加工品・粉類,麺類・生皮,そば,そば
140201,食品,穀物加工品・粉類,麺類・生皮,うどん,うどん
140207,食品,穀物加工品・粉類,麺類・生皮,そう麺・冷麦,そう麺・冷麦
140215,食品,穀物加工品・粉類,麺類・生皮,インスタント麺,インスタント麺
140203,食品,穀物加工品・粉類,麺類・生皮,中華麺,中華麺
140209,食品,穀物加工品・粉類,麺類・生皮,ビーフン,ビーフン
140208,食品,穀物加工品・粉類,麺類・生皮,ちゃんぽん麺,ちゃんぽん麺
140214,食品,穀物加工品・粉類,麺類・生皮,中華点心の皮,中華点心の皮
140210,食品,穀物加工品・粉類,麺類・生皮,ピザ皮,ピザ皮
140290,食品,穀物加工品・粉類,麺類・生皮,その他,その他
140280,食品,穀物加工品・粉類,麺類・生皮,全般,全般
140400,食品,穀物加工品・粉類,パスタ,スパゲティ,スパゲティ
140401,食品,穀物加工品・粉類,パスタ,マカロニ,マカロニ
140402,食品,穀物加工品・粉類,パスタ,ラザニア,ラザニア
140403,食品,穀物加工品・粉類,パスタ,フェットチーネ,フェットチーネ
140404,食品,穀物加工品・粉類,パスタ,ペンネ,ペンネ
140490,食品,穀物加工品・粉類,パスタ,その他,その他
140480,食品,穀物加工品・粉類,パスタ,全般,全般
141603,食品,穀物加工品・粉類,シリアル・その他,シリアル・オートミール,シリアル・オートミール
141602,食品,穀物加工品・粉類,シリアル・その他,その他シリアル,その他シリアル
141690,食品,穀物加工品・粉類,シリアル・その他,その他,その他
141680,食品,穀物加工品・粉類,シリアル・その他,全般,全般
141701,食品,穀物加工品・粉類,その他,麩,麩
141790,食品,穀物加工品・粉類,その他,その他,その他
141780,食品,穀物加工品・粉類,その他,全般,全般
410907,食品,青果物加工品,カット・スライス野菜,じゃがいも,じゃがいも
410911,食品,青果物加工品,カット・スライス野菜,にんじん,にんじん
410910,食品,青果物加工品,カット・スライス野菜,トマト,トマト
410903,食品,青果物加工品,カット・スライス野菜,きゅうり,きゅうり
410913,食品,青果物加工品,カット・スライス野菜,レタス,レタス
410909,食品,青果物加工品,カット・スライス野菜,タケノコ,タケノコ
410914,食品,青果物加工品,カット・スライス野菜,玉ねぎ,玉ねぎ
410902,食品,青果物加工品,カット・スライス野菜,キャベツ,キャベツ
410901,食品,青果物加工品,カット・スライス野菜,かぼちゃ,かぼちゃ
410908,食品,青果物加工品,カット・スライス野菜,だいこん,だいこん
410900,食品,青果物加工品,カット・スライス野菜,かぶ,かぶ
410905,食品,青果物加工品,カット・スライス野菜,ごぼう,ごぼう
410906,食品,青果物加工品,カット・スライス野菜,さといも,さといも
410904,食品,青果物加工品,カット・スライス野菜,コーン,コーン
410912,食品,青果物加工品,カット・スライス野菜,まつたけ,まつたけ
410990,食品,青果物加工品,カット・スライス野菜,その他,その他
410980,食品,青果物加工品,カット・スライス野菜,全般,全般
411100,食品,青果物加工品,セットもの野菜,サラダセット,サラダセット
411101,食品,青果物加工品,セットもの野菜,野菜炒めセット,野菜炒めセット
411190,食品,青果物加工品,セットもの野菜,その他,その他
411180,食品,青果物加工品,セットもの野菜,全般,全般
411012,食品,青果物加工品,カットフルーツ,リンゴ,リンゴ
411010,食品,青果物加工品,カットフルーツ,メロン,メロン
411003,食品,青果物加工品,カットフルーツ,スイカ,スイカ
411005,食品,青果物加工品,カットフルーツ,パインアップル,パインアップル
411000,食品,青果物加工品,カットフルーツ,オレンジ,オレンジ
411007,食品,青果物加工品,カットフルーツ,パパイア,パパイア
411008,食品,青果物加工品,カットフルーツ,マンゴー,マンゴー
411002,食品,青果物加工品,カットフルーツ,グレープフルーツ,グレープフルーツ
411013,食品,青果物加工品,カットフルーツ,レモン,レモン
411004,食品,青果物加工品,カットフルーツ,なし,なし
411001,食品,青果物加工品,カットフルーツ,キウイフルーツ,キウイフルーツ
411011,食品,青果物加工品,カットフルーツ,もも,もも
411006,食品,青果物加工品,カットフルーツ,バナナ,バナナ
411009,食品,青果物加工品,カットフルーツ,ミックス,ミックス
411090,食品,青果物加工品,カットフルーツ,その他,その他
411080,食品,青果物加工品,カットフルーツ,全般,全般
411302,食品,青果物加工品,水煮,タケノコ,タケノコ
411303,食品,青果物加工品,水煮,まつたけ,まつたけ
411301,食品,青果物加工品,水煮,ぜんまい,ぜんまい
411300,食品,青果物加工品,水煮,ぎんなん,ぎんなん
411304,食品,青果物加工品,水煮,わらび,わらび
411305,食品,青果物加工品,水煮,山菜,山菜
411306,食品,青果物加工品,水煮,人参,人参
411307,食品,青果物加工品,水煮,牛蒡,牛蒡
411308,食品,青果物加工品,水煮,蓮根,蓮根
411309,食品,青果物加工品,水煮,きのこ類,きのこ類
411390,食品,青果物加工品,水煮,その他,その他
411380,食品,青果物加工品,水煮,全般,全般
410706,食品,青果物加工品,コンニャク類,板コンニャク,板コンニャク
410702,食品,青果物加工品,コンニャク類,糸コンニャク,糸コンニャク
410705,食品,青果物加工品,コンニャク類,玉コンニャク,玉コンニャク
410704,食品,青果物加工品,コンニャク類,さしみコンニャク,さしみコンニャク
410708,食品,青果物加工品,コンニャク類,白滝,白滝
410709,食品,青果物加工品,コンニャク類,コンニャク,コンニャク
410795,食品,青果物加工品,コンニャク類,その他,その他
410780,食品,青果物加工品,コンニャク類,全般,全般
411207,食品,青果物加工品,乾物（野菜）・豆類,切干だいこん,切干だいこん
411200,食品,青果物加工品,乾物（野菜）・豆類,かんぴょう,かんぴょう
411210,食品,青果物加工品,乾物（野菜）・豆類,春雨,春雨
411202,食品,青果物加工品,乾物（野菜）・豆類,マッシュポテト,マッシュポテト
411208,食品,青果物加工品,乾物（野菜）・豆類,大豆,大豆
411204,食品,青果物加工品,乾物（野菜）・豆類,黒大豆,黒大豆
411209,食品,青果物加工品,乾物（野菜）・豆類,小豆,小豆
411201,食品,青果物加工品,乾物（野菜）・豆類,ひよこ豆,ひよこ豆
411203,食品,青果物加工品,乾物（野菜）・豆類,レンズ豆,レンズ豆
411211,食品,青果物加工品,乾物（野菜）・豆類,ねぎ類,ねぎ類
411291,食品,青果物加工品,乾物（野菜）・豆類,その他豆,その他豆
411290,食品,青果物加工品,乾物（野菜）・豆類,その他,その他
411280,食品,青果物加工品,乾物（野菜）・豆類,全般,全般
410404,食品,青果物加工品,乾燥きのこ類,干ししいたけ,干ししいたけ
410402,食品,青果物加工品,乾燥きのこ類,どんこ,どんこ
410401,食品,青果物加工品,乾燥きのこ類,きくらげ,きくらげ
410403,食品,青果物加工品,乾燥きのこ類,まつたけ,まつたけ
410405,食品,青果物加工品,乾燥きのこ類,アガリクス,アガリクス
410490,食品,青果物加工品,乾燥きのこ類,その他,その他
410480,食品,青果物加工品,乾燥きのこ類,全般,全般
410609,食品,青果物加工品,種実類,黒ごま,黒ごま
410604,食品,青果物加工品,種実類,白ごま,白ごま
410605,食品,青果物加工品,種実類,練りごま,練りごま
410611,食品,青果物加工品,種実類,その他ごま,その他ごま
410608,食品,青果物加工品,種実類,甘栗,甘栗
410606,食品,青果物加工品,種実類,ぎんなん,ぎんなん
410607,食品,青果物加工品,種実類,けしの実,けしの実
410603,食品,青果物加工品,種実類,松の実,松の実
410612,食品,青果物加工品,種実類,バニラビーンズ,バニラビーンズ
410690,食品,青果物加工品,種実類,その他,その他
410680,食品,青果物加工品,種実類,全般,全般
410203,食品,青果物加工品,ドライフルーツ類,レーズン,レーズン
410201,食品,青果物加工品,ドライフルーツ類,プルーン,プルーン
410205,食品,青果物加工品,ドライフルーツ類,干し柿,干し柿
410204,食品,青果物加工品,ドライフルーツ類,いちじく,いちじく
410202,食品,青果物加工品,ドライフルーツ類,ベリー類,ベリー類
410290,食品,青果物加工品,ドライフルーツ類,その他,その他
410280,食品,青果物加工品,ドライフルーツ類,全般,全般
410820,食品,青果物加工品,冷凍野菜,アスパラ,アスパラ
410814,食品,青果物加工品,冷凍野菜,ほうれん草,ほうれん草
410818,食品,青果物加工品,冷凍野菜,小松菜,小松菜
410813,食品,青果物加工品,冷凍野菜,ブロッコリー,ブロッコリー
410803,食品,青果物加工品,冷凍野菜,カリフラワー,カリフラワー
410805,食品,青果物加工品,冷凍野菜,キャベツ,キャベツ
410812,食品,青果物加工品,冷凍野菜,にんじん,にんじん
410801,食品,青果物加工品,冷凍野菜,いんげん,いんげん
410804,食品,青果物加工品,冷凍野菜,きぬさや,きぬさや
410821,食品,青果物加工品,冷凍野菜,じゃがいも,じゃがいも
410819,食品,青果物加工品,冷凍野菜,里芋,里芋
410809,食品,青果物加工品,冷凍野菜,さつまいも,さつまいも
410802,食品,青果物加工品,冷凍野菜,かぼちゃ,かぼちゃ
410810,食品,青果物加工品,冷凍野菜,だいこん,だいこん
410816,食品,青果物加工品,冷凍野菜,れんこん,れんこん
410808,食品,青果物加工品,冷凍野菜,ごぼう,ごぼう
410811,食品,青果物加工品,冷凍野菜,たけのこ,たけのこ
410817,食品,青果物加工品,冷凍野菜,枝豆,枝豆
410806,食品,青果物加工品,冷凍野菜,グリーンピース,グリーンピース
410807,食品,青果物加工品,冷凍野菜,コーン,コーン
410815,食品,青果物加工品,冷凍野菜,ミックス,ミックス
410890,食品,青果物加工品,冷凍野菜,その他,その他
410880,食品,青果物加工品,冷凍野菜,全般,全般
411400,食品,青果物加工品,冷凍フルーツ,いちご,いちご
411402,食品,青果物加工品,冷凍フルーツ,すいか,すいか
411404,食品,青果物加工品,冷凍フルーツ,ブドウ,ブドウ
411403,食品,青果物加工品,冷凍フルーツ,パインアップル,パインアップル
411401,食品,青果物加工品,冷凍フルーツ,オレンジ,オレンジ
411406,食品,青果物加工品,冷凍フルーツ,ライチ,ライチ
411405,食品,青果物加工品,冷凍フルーツ,ベリー類,ベリー類
411490,食品,青果物加工品,冷凍フルーツ,その他,その他
411480,食品,青果物加工品,冷凍フルーツ,全般,全般
419001,食品,青果物加工品,その他,とろろ,とろろ
419002,食品,青果物加工品,その他,大根おろし,大根おろし
419003,食品,青果物加工品,その他,もみじおろし,もみじおろし
419090,食品,青果物加工品,その他,その他,その他
419080,食品,青果物加工品,その他,全般,全般
360103,食品,豆類加工品,豆腐,木綿豆腐,木綿豆腐
360104,食品,豆類加工品,豆腐,絹豆腐,絹豆腐
360106,食品,豆類加工品,豆腐,焼き豆腐,焼き豆腐
360107,食品,豆類加工品,豆腐,玉子豆腐,玉子豆腐
360105,食品,豆類加工品,豆腐,胡麻豆腐,胡麻豆腐
360108,食品,豆類加工品,豆腐,高野豆腐（凍豆腐）,高野豆腐（凍豆腐）
360195,食品,豆類加工品,豆腐,その他,その他
360180,食品,豆類加工品,豆腐,全般,全般
360201,食品,豆類加工品,油揚げ類,油揚げ,油揚げ
360202,食品,豆類加工品,油揚げ類,生揚げ,生揚げ
360200,食品,豆類加工品,油揚げ類,がんもどき,がんもどき
360290,食品,豆類加工品,油揚げ類,その他,その他
360280,食品,豆類加工品,油揚げ類,全般,全般
360303,食品,豆類加工品,納豆,納豆,納豆
360302,食品,豆類加工品,納豆,ひきわり納豆,ひきわり納豆
360301,食品,豆類加工品,納豆,黒豆納豆,黒豆納豆
360390,食品,豆類加工品,納豆,その他,その他
360380,食品,豆類加工品,納豆,全般,全般
360400,食品,豆類加工品,味噌,赤味噌,赤味噌
360403,食品,豆類加工品,味噌,白味噌,白味噌
360491,食品,豆類加工品,味噌,その他生味噌,その他生味噌
360402,食品,豆類加工品,味噌,調味味噌,調味味噌
360401,食品,豆類加工品,味噌,中国味噌,中国味噌
360490,食品,豆類加工品,味噌,その他,その他
360480,食品,豆類加工品,味噌,全般,全般
369000,食品,豆類加工品,その他,おから,おから
369001,食品,豆類加工品,その他,湯葉,湯葉
369090,食品,豆類加工品,その他,その他,その他
369080,食品,豆類加工品,その他,全般,全般
160000,食品,畜産物加工品,挽肉,牛挽肉,牛挽肉
160001,食品,畜産物加工品,挽肉,牛豚挽肉,牛豚挽肉
160002,食品,畜産物加工品,挽肉,豚挽肉,豚挽肉
160003,食品,畜産物加工品,挽肉,鶏挽肉,鶏挽肉
160080,食品,畜産物加工品,挽肉,全般,全般
161309,食品,畜産物加工品,ハム,ロースハム,ロースハム
161308,食品,畜産物加工品,ハム,ボンレスハム,ボンレスハム
161306,食品,畜産物加工品,ハム,プレスハム,プレスハム
161303,食品,畜産物加工品,ハム,ショルダーハム,ショルダーハム
161302,食品,畜産物加工品,ハム,サラミハム,サラミハム
161310,食品,畜産物加工品,ハム,生ハム,生ハム
161307,食品,畜産物加工品,ハム,プロシュート,プロシュート
161304,食品,畜産物加工品,ハム,パストラミ,パストラミ
161305,食品,畜産物加工品,ハム,パンチェッタ,パンチェッタ
161390,食品,畜産物加工品,ハム,その他,その他
161380,食品,畜産物加工品,ハム,全般,全般
161404,食品,畜産物加工品,ソーセージ,ポークソーセージ,ポークソーセージ
161405,食品,畜産物加工品,ソーセージ,ボロニアソーセージ,ボロニアソーセージ
161403,食品,畜産物加工品,ソーセージ,サラミソーセージ,サラミソーセージ
161402,食品,畜産物加工品,ソーセージ,ドライソーセージ,ドライソーセージ
161490,食品,畜産物加工品,ソーセージ,その他,その他
161480,食品,畜産物加工品,ソーセージ,全般,全般
161606,食品,畜産物加工品,ウインナー・フランク,ポークウインナー,ポークウインナー
161605,食品,畜産物加工品,ウインナー・フランク,ポークあらびきウィンナー,ポークあらびきウィンナー
161604,食品,畜産物加工品,ウインナー・フランク,チョリソー,チョリソー
161603,食品,畜産物加工品,ウインナー・フランク,チキンウィンナー,チキンウィンナー
161608,食品,畜産物加工品,ウインナー・フランク,フランクフルト,フランクフルト
161607,食品,畜産物加工品,ウインナー・フランク,骨付きフランク,骨付きフランク
161690,食品,畜産物加工品,ウインナー・フランク,その他,その他
161680,食品,畜産物加工品,ウインナー・フランク,全般,全般
161500,食品,畜産物加工品,ベーコン 、焼き豚,ベーコン,ベーコン
161501,食品,畜産物加工品,ベーコン 、焼き豚,焼き豚,焼き豚
161590,食品,畜産物加工品,ベーコン 、焼き豚,その他,その他
161580,食品,畜産物加工品,ベーコン 、焼き豚,全般,全般
162905,食品,畜産物加工品,牛加工肉,ブロック,ブロック
162903,食品,畜産物加工品,牛加工肉,スペアリブ,スペアリブ
162907,食品,畜産物加工品,牛加工肉,角切り（カレー用等）,角切り（カレー用等）
162902,食品,畜産物加工品,牛加工肉,ステーキ用,ステーキ用
162901,食品,畜産物加工品,牛加工肉,かつ用,かつ用
162904,食品,畜産物加工品,牛加工肉,薄切り,薄切り
162908,食品,畜産物加工品,牛加工肉,スライス,スライス
162906,食品,畜産物加工品,牛加工肉,細切れ,細切れ
162995,食品,畜産物加工品,牛加工肉,その他,その他
162980,食品,畜産物加工品,牛加工肉,全般,全般
163110,食品,畜産物加工品,豚加工肉,ブロック,ブロック
163103,食品,畜産物加工品,豚加工肉,スペアリブ,スペアリブ
163109,食品,畜産物加工品,豚加工肉,角切り（カレー用等）,角切り（カレー用等）
163102,食品,畜産物加工品,豚加工肉,ステーキ用,ステーキ用
163101,食品,畜産物加工品,豚加工肉,かつ用,かつ用
163108,食品,畜産物加工品,豚加工肉,薄切り,薄切り
163111,食品,畜産物加工品,豚加工肉,スライス,スライス
163106,食品,畜産物加工品,豚加工肉,細切れ,細切れ
163195,食品,畜産物加工品,豚加工肉,その他,その他
163180,食品,畜産物加工品,豚加工肉,全般,全般
163002,食品,畜産物加工品,鶏加工肉,ブロック,ブロック
163001,食品,畜産物加工品,鶏加工肉,ぶつ切り（角切り）,ぶつ切り（角切り）
163005,食品,畜産物加工品,鶏加工肉,切り身（カット肉）,切り身（カット肉）
163006,食品,畜産物加工品,鶏加工肉,スライス,スライス
163004,食品,畜産物加工品,鶏加工肉,細切れ,細切れ
163090,食品,畜産物加工品,鶏加工肉,その他,その他
163080,食品,畜産物加工品,鶏加工肉,全般,全般
163290,食品,畜産物加工品,卵加工品,その他,その他
163280,食品,畜産物加工品,卵加工品,全般,全般
162603,食品,畜産物加工品,その他加工品,フォアグラ,フォアグラ
162605,食品,畜産物加工品,その他加工品,羊・馬加工品,羊・馬加工品
162606,食品,畜産物加工品,その他加工品,スモーク肉,スモーク肉
162602,食品,畜産物加工品,その他加工品,ビーフジャーキー,ビーフジャーキー
162604,食品,畜産物加工品,その他加工品,ポークジャーキー,ポークジャーキー
162690,食品,畜産物加工品,その他加工品,その他,その他
162680,食品,畜産物加工品,その他加工品,全般,全般
170033,食品,水産物加工品,フィレー,アジ,アジ
170017,食品,水産物加工品,フィレー,アカウオ,アカウオ
170012,食品,水産物加工品,フィレー,カツオ,カツオ
170018,食品,水産物加工品,フィレー,カラス,カラス
170019,食品,水産物加工品,フィレー,カレイ,カレイ
170013,食品,水産物加工品,フィレー,カンパチ,カンパチ
170032,食品,水産物加工品,フィレー,銀ダラ,銀ダラ
170031,食品,水産物加工品,フィレー,金目ダイ,金目ダイ
170021,食品,水産物加工品,フィレー,サケ,サケ
170022,食品,水産物加工品,フィレー,サバ,サバ
170020,食品,水産物加工品,フィレー,サーモン,サーモン
170023,食品,水産物加工品,フィレー,サワラ,サワラ
170024,食品,水産物加工品,フィレー,シルバ,シルバ
170002,食品,水産物加工品,フィレー,タイ,タイ
170025,食品,水産物加工品,フィレー,ナイルパーチ,ナイルパーチ
170003,食品,水産物加工品,フィレー,ハマチ,ハマチ
170005,食品,水産物加工品,フィレー,ヒラメ,ヒラメ
170026,食品,水産物加工品,フィレー,マダイ,マダイ
170027,食品,水産物加工品,フィレー,メヌケ,メヌケ
170028,食品,水産物加工品,フィレー,メバル,メバル
170029,食品,水産物加工品,フィレー,メルルーサ,メルルーサ
170030,食品,水産物加工品,フィレー,メロー,メロー
170090,食品,水産物加工品,フィレー,その他,その他
170080,食品,水産物加工品,フィレー,全般,全般
171406,食品,水産物加工品,切り身,アジ,アジ
171405,食品,水産物加工品,切り身,アカウオ,アカウオ
171424,食品,水産物加工品,切り身,カジキ,カジキ
171408,食品,水産物加工品,切り身,カラス,カラス
171425,食品,水産物加工品,切り身,カレイ,カレイ
171409,食品,水産物加工品,切り身,カンパチ,カンパチ
171426,食品,水産物加工品,切り身,銀ダラ,銀ダラ
171423,食品,水産物加工品,切り身,金目ダイ,金目ダイ
171428,食品,水産物加工品,切り身,サケ,サケ
171411,食品,水産物加工品,切り身,サバ,サバ
171410,食品,水産物加工品,切り身,サーモン,サーモン
171412,食品,水産物加工品,切り身,サワラ,サワラ
171413,食品,水産物加工品,切り身,シルバ,シルバ
171414,食品,水産物加工品,切り身,タイ,タイ
171415,食品,水産物加工品,切り身,タラ,タラ
171416,食品,水産物加工品,切り身,ナイルパーチ,ナイルパーチ
171417,食品,水産物加工品,切り身,ヒラメ,ヒラメ
171427,食品,水産物加工品,切り身,ブリ,ブリ
171418,食品,水産物加工品,切り身,マダイ,マダイ
171419,食品,水産物加工品,切り身,メヌケ,メヌケ
171420,食品,水産物加工品,切り身,メバル,メバル
171421,食品,水産物加工品,切り身,メルルーサ,メルルーサ
171422,食品,水産物加工品,切り身,メロー,メロー
171490,食品,水産物加工品,切り身,その他,その他
171480,食品,水産物加工品,切り身,全般,全般
170213,食品,水産物加工品,イカ・タコ加工品,イカ切り身,イカ切り身
170218,食品,水産物加工品,イカ・タコ加工品,イカソーメン,イカソーメン
170212,食品,水産物加工品,イカ・タコ加工品,イカゲソ,イカゲソ
170214,食品,水産物加工品,イカ・タコ加工品,スルメ,スルメ
170219,食品,水産物加工品,イカ・タコ加工品,ロールイカ,ロールイカ
170220,食品,水産物加工品,イカ・タコ加工品,ゆでタコ,ゆでタコ
170221,食品,水産物加工品,イカ・タコ加工品,タコ足,タコ足
170216,食品,水産物加工品,イカ・タコ加工品,タコスライス,タコスライス
170215,食品,水産物加工品,イカ・タコ加工品,タコカット,タコカット
170217,食品,水産物加工品,イカ・タコ加工品,タコ串刺し,タコ串刺し
170290,食品,水産物加工品,イカ・タコ加工品,その他,その他
170280,食品,水産物加工品,イカ・タコ加工品,全般,全般
171604,食品,水産物加工品,エビ・貝加工品,ボイルムキエビ,ボイルムキエビ
171605,食品,水産物加工品,エビ・貝加工品,ボイルムキ甘エビ,ボイルムキ甘エビ
171603,食品,水産物加工品,エビ・貝加工品,ボイルホタテ,ボイルホタテ
171601,食品,水産物加工品,エビ・貝加工品,ボイルアサリ,ボイルアサリ
171606,食品,水産物加工品,エビ・貝加工品,ボイルホッキ貝,ボイルホッキ貝
171602,食品,水産物加工品,エビ・貝加工品,ボイルその他貝,ボイルその他貝
171690,食品,水産物加工品,エビ・貝加工品,その他,その他
171680,食品,水産物加工品,エビ・貝加工品,全般,全般
172201,食品,水産物加工品,カニ加工品,ズワイセクション,ズワイセクション
172202,食品,水産物加工品,カニ加工品,タラバセクション,タラバセクション
172203,食品,水産物加工品,カニ加工品,ズワイ棒ポーション,ズワイ棒ポーション
172204,食品,水産物加工品,カニ加工品,ズワイ爪ポーション,ズワイ爪ポーション
172205,食品,水産物加工品,カニ加工品,ズワイフレーク,ズワイフレーク
172206,食品,水産物加工品,カニ加工品,タラバ棒ポーション,タラバ棒ポーション
172207,食品,水産物加工品,カニ加工品,タラバ爪ポーション,タラバ爪ポーション
172280,食品,水産物加工品,カニ加工品,全般,全般
172026,食品,水産物加工品,塩干物類,アジ干物,アジ干物
172025,食品,水産物加工品,塩干物類,サバ干物,サバ干物
172024,食品,水産物加工品,塩干物類,サンマ干物,サンマ干物
172019,食品,水産物加工品,塩干物類,シシャモ干物,シシャモ干物
172023,食品,水産物加工品,塩干物類,ホッケ干物,ホッケ干物
172028,食品,水産物加工品,塩干物類,干物その他,干物その他
172013,食品,水産物加工品,塩干物類,一夜干し,一夜干し
172022,食品,水産物加工品,塩干物類,丸干し ,丸干し 
172012,食品,水産物加工品,塩干物類,みりん干し,みりん干し
172021,食品,水産物加工品,塩干物類,しらす,しらす
172020,食品,水産物加工品,塩干物類,ちりめん,ちりめん
172017,食品,水産物加工品,塩干物類,小女子,小女子
172027,食品,水産物加工品,塩干物類,煮干,煮干
172009,食品,水産物加工品,塩干物類,さくらえび,さくらえび
172010,食品,水産物加工品,塩干物類,スルメ,スルメ
172018,食品,水産物加工品,塩干物類,身欠きにしん,身欠きにしん
172011,食品,水産物加工品,塩干物類,その他,その他
172080,食品,水産物加工品,塩干物類,全般,全般
170700,食品,水産物加工品,漬魚,粕漬魚,粕漬魚
170701,食品,水産物加工品,漬魚,みりん漬け魚,みりん漬け魚
170702,食品,水産物加工品,漬魚,味噌漬け魚,味噌漬け魚
170704,食品,水産物加工品,漬魚,西京漬け魚,西京漬け魚
170791,食品,水産物加工品,漬魚,その他 漬け魚,その他 漬け魚
170780,食品,水産物加工品,漬魚,全般,全般
171903,食品,水産物加工品,鮭・鱒類（塩蔵）,塩ギン鮭,塩ギン鮭
171904,食品,水産物加工品,鮭・鱒類（塩蔵）,塩トラウト,塩トラウト
171906,食品,水産物加工品,鮭・鱒類（塩蔵）,塩ベニ鮭,塩ベニ鮭
171907,食品,水産物加工品,鮭・鱒類（塩蔵）,塩トキ鮭,塩トキ鮭
171905,食品,水産物加工品,鮭・鱒類（塩蔵）,新巻鮭,新巻鮭
171902,食品,水産物加工品,鮭・鱒類（塩蔵）,塩キングサーモン,塩キングサーモン
171990,食品,水産物加工品,鮭・鱒類（塩蔵）,その他,その他
171980,食品,水産物加工品,鮭・鱒類（塩蔵）,全般,全般
171537,食品,水産物加工品,寿司ねた,大トロ,大トロ
171538,食品,水産物加工品,寿司ねた,中トロ,中トロ
171532,食品,水産物加工品,寿司ねた,マグロ赤身,マグロ赤身
171539,食品,水産物加工品,寿司ねた,ネギトロ,ネギトロ
171510,食品,水産物加工品,寿司ねた,カツオ,カツオ
171522,食品,水産物加工品,寿司ねた,タイ,タイ
171528,食品,水産物加工品,寿司ねた,ヒラメ,ヒラメ
171512,食品,水産物加工品,寿司ねた,カレイ,カレイ
171520,食品,水産物加工品,寿司ねた,スズキ,スズキ
171518,食品,水産物加工品,寿司ねた,シマアジ,シマアジ
171529,食品,水産物加工品,寿司ねた,ブリ,ブリ
171527,食品,水産物加工品,寿司ねた,ハマチ,ハマチ
171513,食品,水産物加工品,寿司ねた,コハダ,コハダ
171503,食品,水産物加工品,寿司ねた,アジ,アジ
171517,食品,水産物加工品,寿司ねた,サンマ,サンマ
171515,食品,水産物加工品,寿司ねた,サバ,サバ
171516,食品,水産物加工品,寿司ねた,サヨリ,サヨリ
171514,食品,水産物加工品,寿司ねた,サーモン,サーモン
171511,食品,水産物加工品,寿司ねた,カニ,カニ
171504,食品,水産物加工品,寿司ねた,アナゴ,アナゴ
171508,食品,水産物加工品,寿司ねた,ウナギ,ウナギ
171523,食品,水産物加工品,寿司ねた,タコ,タコ
171506,食品,水産物加工品,寿司ねた,イカ,イカ
171534,食品,水産物加工品,寿司ねた,甘エビ,甘エビ
171540,食品,水産物加工品,寿司ねた,エビ,エビ
171531,食品,水産物加工品,寿司ねた,ボタンエビ,ボタンエビ
171519,食品,水産物加工品,寿司ねた,シャコ,シャコ
171505,食品,水産物加工品,寿司ねた,アワビ,アワビ
171536,食品,水産物加工品,寿司ねた,赤貝,赤貝
171525,食品,水産物加工品,寿司ねた,トリ貝,トリ貝
171524,食品,水産物加工品,寿司ねた,ツブ貝,ツブ貝
171533,食品,水産物加工品,寿司ねた,ミル貝,ミル貝
171530,食品,水産物加工品,寿司ねた,ホタテ,ホタテ
171535,食品,水産物加工品,寿司ねた,小柱,小柱
171509,食品,水産物加工品,寿司ねた,ウニ,ウニ
171507,食品,水産物加工品,寿司ねた,イクラ,イクラ
171526,食品,水産物加工品,寿司ねた,ハマグリ,ハマグリ
171541,食品,水産物加工品,寿司ねた,その他,その他
171580,食品,水産物加工品,寿司ねた,全般,全般
171809,食品,水産物加工品,練り製品,蒲鉾,蒲鉾
171810,食品,水産物加工品,練り製品,ちくわ,ちくわ
171806,食品,水産物加工品,練り製品,はんぺん,はんぺん
171804,食品,水産物加工品,練り製品,さつまあげ,さつまあげ
171811,食品,水産物加工品,練り製品,たらすり身,たらすり身
171812,食品,水産物加工品,練り製品,その他すり身,その他すり身
171807,食品,水産物加工品,練り製品,魚肉ハム・ソーセージ ,魚肉ハム・ソーセージ 
171808,食品,水産物加工品,練り製品,おでんだね,おでんだね
171813,食品,水産物加工品,練り製品,かにかま,かにかま
171890,食品,水産物加工品,練り製品,その他,その他
171880,食品,水産物加工品,練り製品,全般,全般
171305,食品,水産物加工品,くん製魚（蒲焼など）,スモークサーモン,スモークサーモン
171303,食品,水産物加工品,くん製魚（蒲焼など）,その他くん製魚,その他くん製魚
171304,食品,水産物加工品,くん製魚（蒲焼など）,うなぎ蒲焼,うなぎ蒲焼
171380,食品,水産物加工品,くん製魚（蒲焼など）,全般,全般
171711,食品,水産物加工品,魚卵・珍味,いくらしょうゆ漬け,いくらしょうゆ漬け
171712,食品,水産物加工品,魚卵・珍味,辛子明太子,辛子明太子
171713,食品,水産物加工品,魚卵・珍味,数の子味付け,数の子味付け
171705,食品,水産物加工品,魚卵・珍味,からすみ,からすみ
171706,食品,水産物加工品,魚卵・珍味,キャビア,キャビア
171714,食品,水産物加工品,魚卵・珍味,塩辛,塩辛
171707,食品,水産物加工品,魚卵・珍味,さきいか,さきいか
171709,食品,水産物加工品,魚卵・珍味,甘露煮,甘露煮
171795,食品,水産物加工品,魚卵・珍味,その他,その他
171780,食品,水産物加工品,魚卵・珍味,全般,全般
172301,食品,水産物加工品,ドレス・無頭,カジキ類,カジキ類
172302,食品,水産物加工品,ドレス・無頭,サケ類,サケ類
172303,食品,水産物加工品,ドレス・無頭,マス類,マス類
172304,食品,水産物加工品,ドレス・無頭,たら類,たら類
172305,食品,水産物加工品,ドレス・無頭,ギンダラ,ギンダラ
172306,食品,水産物加工品,ドレス・無頭,アカウオ,アカウオ
172390,食品,水産物加工品,ドレス・無頭,その他,その他
172380,食品,水産物加工品,ドレス・無頭,全般,全般
179021,食品,水産物加工品,水産乾物,干し貝柱,干し貝柱
179031,食品,水産物加工品,水産乾物,わかめ,わかめ
179030,食品,水産物加工品,水産乾物,ひじき,ひじき
179020,食品,水産物加工品,水産乾物,海草,海草
179029,食品,水産物加工品,水産乾物,焼き海苔,焼き海苔
179028,食品,水産物加工品,水産乾物,味付け海苔,味付け海苔
179033,食品,水産物加工品,水産乾物,きざみ海苔・もみ海苔,きざみ海苔・もみ海苔
179027,食品,水産物加工品,水産乾物,昆布,昆布
179026,食品,水産物加工品,水産乾物,削り節,削り節
179025,食品,水産物加工品,水産乾物,麩,麩
179095,食品,水産物加工品,水産乾物,その他,その他
179080,食品,水産物加工品,水産乾物,全般,全般
179201,食品,水産物加工品,ところてん、その他,ところてん,ところてん
179202,食品,水産物加工品,ところてん、その他,もずく,もずく
179203,食品,水産物加工品,ところてん、その他,めかぶ,めかぶ
179204,食品,水産物加工品,ところてん、その他,くじら,くじら
179250,食品,水産物加工品,ところてん、その他,その他,その他
179280,食品,水産物加工品,ところてん、その他,全般,全般
179101,食品,水産物加工品,その他加工魚,開き,開き
179102,食品,水産物加工品,その他加工魚,〆魚,〆魚
179103,食品,水産物加工品,その他加工魚,フカヒレ,フカヒレ
179190,食品,水産物加工品,その他加工魚,その他,その他
179180,食品,水産物加工品,その他加工魚,全般,全般
180601,食品,牛乳・乳製品,クリーム類,クリーム（乳脂肪分１８％以上）,クリーム（乳脂肪分１８％以上）
180604,食品,牛乳・乳製品,クリーム類,乳脂肪＋安定剤など,乳脂肪＋安定剤など
180602,食品,牛乳・乳製品,クリーム類,混合脂肪,混合脂肪
180603,食品,牛乳・乳製品,クリーム類,植物性脂肪,植物性脂肪
180605,食品,牛乳・乳製品,クリーム類,ホイップクリーム,ホイップクリーム
180690,食品,牛乳・乳製品,クリーム類,その他,その他
180680,食品,牛乳・乳製品,クリーム類,全般,全般
180204,食品,牛乳・乳製品,牛乳,牛乳,牛乳
180205,食品,牛乳・乳製品,牛乳,低脂肪乳,低脂肪乳
180207,食品,牛乳・乳製品,牛乳,無脂肪乳,無脂肪乳
180203,食品,牛乳・乳製品,牛乳,加工乳,加工乳
180208,食品,牛乳・乳製品,牛乳,乳飲料,乳飲料
180206,食品,牛乳・乳製品,牛乳,発酵乳,発酵乳
180209,食品,牛乳・乳製品,牛乳,濃縮乳,濃縮乳
180295,食品,牛乳・乳製品,牛乳,その他,その他
180280,食品,牛乳・乳製品,牛乳,全般,全般
180306,食品,牛乳・乳製品,チーズ,フレッシュ,フレッシュ
180308,食品,牛乳・乳製品,チーズ,白カビ,白カビ
180307,食品,牛乳・乳製品,チーズ,青かび,青かび
180303,食品,牛乳・乳製品,チーズ,シェーブル（山羊乳チーズ）,シェーブル（山羊乳チーズ）
180302,食品,牛乳・乳製品,チーズ,ウォッシュ,ウォッシュ
180304,食品,牛乳・乳製品,チーズ,セミハード,セミハード
180305,食品,牛乳・乳製品,チーズ,ハード,ハード
180300,食品,牛乳・乳製品,チーズ,プロセスチーズ,プロセスチーズ
180309,食品,牛乳・乳製品,チーズ,粉・角・シュレッド類,粉・角・シュレッド類
180390,食品,牛乳・乳製品,チーズ,その他,その他
180380,食品,牛乳・乳製品,チーズ,全般,全般
180509,食品,牛乳・乳製品,ヨーグルト,無糖,無糖
180505,食品,牛乳・乳製品,ヨーグルト,加糖,加糖
180506,食品,牛乳・乳製品,ヨーグルト,フルーツ,フルーツ
180507,食品,牛乳・乳製品,ヨーグルト,飲むヨーグルト,飲むヨーグルト
180595,食品,牛乳・乳製品,ヨーグルト,その他,その他
180580,食品,牛乳・乳製品,ヨーグルト,全般,全般
189001,食品,牛乳・乳製品,その他,粉乳,粉乳
189004,食品,牛乳・乳製品,その他,練乳,練乳
189095,食品,牛乳・乳製品,その他,その他,その他
189080,食品,牛乳・乳製品,その他,全般,全般
190610,食品,缶・瓶詰,野菜缶・瓶詰,トマト,トマト
190616,食品,缶・瓶詰,野菜缶・瓶詰,ほうれん草,ほうれん草
190615,食品,缶・瓶詰,野菜缶・瓶詰,ふき,ふき
190611,食品,缶・瓶詰,野菜缶・瓶詰,トリュフ,トリュフ
190613,食品,缶・瓶詰,野菜缶・瓶詰,なめたけ,なめたけ
190612,食品,缶・瓶詰,野菜缶・瓶詰,なめこ,なめこ
190620,食品,缶・瓶詰,野菜缶・瓶詰,大豆,大豆
190619,食品,缶・瓶詰,野菜缶・瓶詰,レッドビーンズ,レッドビーンズ
190606,食品,缶・瓶詰,野菜缶・瓶詰,ぎんなん,ぎんなん
190603,食品,缶・瓶詰,野菜缶・瓶詰,アスパラ,アスパラ
190617,食品,缶・瓶詰,野菜缶・瓶詰,マッシュルーム,マッシュルーム
190608,食品,缶・瓶詰,野菜缶・瓶詰,コーン,コーン
190618,食品,缶・瓶詰,野菜缶・瓶詰,ヤングコーン,ヤングコーン
190607,食品,缶・瓶詰,野菜缶・瓶詰,くり,くり
190609,食品,缶・瓶詰,野菜缶・瓶詰,タケノコ,タケノコ
190605,食品,缶・瓶詰,野菜缶・瓶詰,おろしにんにく,おろしにんにく
190614,食品,缶・瓶詰,野菜缶・瓶詰,ピクルス,ピクルス
190604,食品,缶・瓶詰,野菜缶・瓶詰,オリーブ,オリーブ
190695,食品,缶・瓶詰,野菜缶・瓶詰,その他,その他
190680,食品,缶・瓶詰,野菜缶・瓶詰,全般,全般
190710,食品,缶・瓶詰,ジャム／果物缶・瓶詰,ジャム,ジャム
190706,食品,缶・瓶詰,ジャム／果物缶・瓶詰,みかん,みかん
190712,食品,缶・瓶詰,ジャム／果物缶・瓶詰,柑橘類,柑橘類
190713,食品,缶・瓶詰,ジャム／果物缶・瓶詰,ベリー類,ベリー類
190704,食品,缶・瓶詰,ジャム／果物缶・瓶詰,パインアップル,パインアップル
190707,食品,缶・瓶詰,ジャム／果物缶・瓶詰,黄桃,黄桃
190708,食品,缶・瓶詰,ジャム／果物缶・瓶詰,白桃,白桃
190703,食品,缶・瓶詰,ジャム／果物缶・瓶詰,チェリー,チェリー
190711,食品,缶・瓶詰,ジャム／果物缶・瓶詰,フルーツミックス,フルーツミックス
190702,食品,缶・瓶詰,ジャム／果物缶・瓶詰,あんず,あんず
190709,食品,缶・瓶詰,ジャム／果物缶・瓶詰,洋なし,洋なし
190790,食品,缶・瓶詰,ジャム／果物缶・瓶詰,その他,その他
190780,食品,缶・瓶詰,ジャム／果物缶・瓶詰,全般,全般
190402,食品,缶・瓶詰,畜産缶・瓶詰,うずら卵,うずら卵
190403,食品,缶・瓶詰,畜産缶・瓶詰,コーンビーフ,コーンビーフ
190405,食品,缶・瓶詰,畜産缶・瓶詰,ハム,ハム
190404,食品,缶・瓶詰,畜産缶・瓶詰,ソーセージ,ソーセージ
190490,食品,缶・瓶詰,畜産缶・瓶詰,その他,その他
190480,食品,缶・瓶詰,畜産缶・瓶詰,全般,全般
190503,食品,缶・瓶詰,水産缶・瓶詰,アンチョビ,アンチョビ
190508,食品,缶・瓶詰,水産缶・瓶詰,さば,さば
190504,食品,缶・瓶詰,水産缶・瓶詰,いわし,いわし
190511,食品,缶・瓶詰,水産缶・瓶詰,鮭,鮭
190510,食品,缶・瓶詰,水産缶・瓶詰,まぐろ,まぐろ
190509,食品,缶・瓶詰,水産缶・瓶詰,ほたて,ほたて
190506,食品,缶・瓶詰,水産缶・瓶詰,かに,かに
190507,食品,缶・瓶詰,水産缶・瓶詰,かにみそ,かにみそ
190505,食品,缶・瓶詰,水産缶・瓶詰,うに,うに
190595,食品,缶・瓶詰,水産缶・瓶詰,その他,その他
190580,食品,缶・瓶詰,水産缶・瓶詰,全般,全般
199090,食品,缶・瓶詰,その他缶詰,その他,その他
199080,食品,缶・瓶詰,その他缶詰,全般,全般
200006,食品,調味料,醤油,濃い口醤油,濃い口醤油
200007,食品,調味料,醤油,薄口醤油,薄口醤油
200004,食品,調味料,醤油,たまり醤油,たまり醤油
200003,食品,調味料,醤油,だし醤油,だし醤油
200000,食品,調味料,醤油,刺身醤油,刺身醤油
200008,食品,調味料,醤油,有機醤油,有機醤油
200002,食品,調味料,醤油,ミニ醤油,ミニ醤油
200090,食品,調味料,醤油,その他,その他
200080,食品,調味料,醤油,全般,全般
201804,食品,調味料,塩,自然海塩（完全天日塩）,自然海塩（完全天日塩）
201803,食品,調味料,塩,再製塩（自然塩）,再製塩（自然塩）
201805,食品,調味料,塩,精製塩,精製塩
201802,食品,調味料,塩,岩塩,岩塩
201801,食品,調味料,塩,塩小袋,塩小袋
201890,食品,調味料,塩,その他,その他
201880,食品,調味料,塩,全般,全般
200300,食品,調味料,だしの素 （粉、固形）,だし,だし
200304,食品,調味料,だしの素 （粉、固形）,コンソメ,コンソメ
200301,食品,調味料,だしの素 （粉、固形）,うまみ調味料,うまみ調味料
200302,食品,調味料,だしの素 （粉、固形）,中華だし,中華だし
200390,食品,調味料,だしの素 （粉、固形）,その他,その他
200380,食品,調味料,だしの素 （粉、固形）,全般,全般
201901,食品,調味料,だし （液体）,だし,だし
201902,食品,調味料,だし （液体）,コンソメ,コンソメ
201903,食品,調味料,だし （液体）,うまみ調味料,うまみ調味料
201904,食品,調味料,だし （液体）,中華だし,中華だし
201990,食品,調味料,だし （液体）,その他,その他
201980,食品,調味料,だし （液体）,全般,全般
201604,食品,調味料,つゆ・たれ,麺つゆ,麺つゆ
201603,食品,調味料,つゆ・たれ,鍋の素,鍋の素
201692,食品,調味料,つゆ・たれ,その他つゆ,その他つゆ
201602,食品,調味料,つゆ・たれ,焼き肉のたれ,焼き肉のたれ
201691,食品,調味料,つゆ・たれ,その他たれ,その他たれ
201601,食品,調味料,つゆ・たれ,小物タレ,小物タレ
201695,食品,調味料,つゆ・たれ,その他,その他
201680,食品,調味料,つゆ・たれ,全般,全般
200507,食品,調味料,酢,穀物酢,穀物酢
200508,食品,調味料,酢,米酢,米酢
200506,食品,調味料,酢,果実酢,果実酢
200504,食品,調味料,酢,ポン酢,ポン酢
200505,食品,調味料,酢,ワインビネガー,ワインビネガー
200590,食品,調味料,酢,その他,その他
200580,食品,調味料,酢,全般,全般
201505,食品,調味料,調理酒,調理酒,調理酒
201507,食品,調味料,調理酒,本みりん,本みりん
201508,食品,調味料,調理酒,みりん風調味料,みりん風調味料
201506,食品,調味料,調理酒,調理用ワイン,調理用ワイン
201504,食品,調味料,調理酒,その他,その他
201580,食品,調味料,調理酒,全般,全般
200607,食品,調味料,ソース・ルウ,ウスターソース,ウスターソース
200615,食品,調味料,ソース・ルウ,とんかつソース,とんかつソース
200609,食品,調味料,ソース・ルウ,お好みソース,お好みソース
200619,食品,調味料,ソース・ルウ,やきそばソース,やきそばソース
200611,食品,調味料,ソース・ルウ,タルタルソース,タルタルソース
200614,食品,調味料,ソース・ルウ,トマトソース,トマトソース
200618,食品,調味料,ソース・ルウ,ホワイトソース,ホワイトソース
200613,食品,調味料,ソース・ルウ,デミグラスソース,デミグラスソース
200610,食品,調味料,ソース・ルウ,ステーキソース,ステーキソース
200617,食品,調味料,ソース・ルウ,ピザーソース,ピザーソース
200608,食品,調味料,ソース・ルウ,オイスターソース,オイスターソース
200612,食品,調味料,ソース・ルウ,チリソース,チリソース
200602,食品,調味料,ソース・ルウ,パスタソース,パスタソース
200603,食品,調味料,ソース・ルウ,カレー,カレー
200604,食品,調味料,ソース・ルウ,シチュー,シチュー
200616,食品,調味料,ソース・ルウ,ハヤシ,ハヤシ
200621,食品,調味料,ソース・ルウ,洋風ソース,洋風ソース
200606,食品,調味料,ソース・ルウ,中華ソース,中華ソース
200620,食品,調味料,ソース・ルウ,小物ソース,小物ソース
200690,食品,調味料,ソース・ルウ,その他,その他
200680,食品,調味料,ソース・ルウ,全般,全般
200901,食品,調味料,エキス類,エキスパウダー,エキスパウダー
200902,食品,調味料,エキス類,エキス,エキス
200990,食品,調味料,エキス類,その他,その他
200980,食品,調味料,エキス類,全般,全般
202080,食品,調味料,中国調味料,全般,全般
201106,食品,調味料,砂糖,上白糖,上白糖
201101,食品,調味料,砂糖,グラニュー糖,グラニュー糖
201108,食品,調味料,砂糖,粉糖,粉糖
201105,食品,調味料,砂糖,三温糖,三温糖
201104,食品,調味料,砂糖,黒砂糖,黒砂糖
201102,食品,調味料,砂糖,ざらめ糖,ざらめ糖
201107,食品,調味料,砂糖,氷砂糖,氷砂糖
201103,食品,調味料,砂糖,スティックシュガー,スティックシュガー
201109,食品,調味料,砂糖,甘味料,甘味料
201190,食品,調味料,砂糖,その他,その他
201180,食品,調味料,砂糖,全般,全般
201200,食品,調味料,マヨネーズ・ケチャップ,マヨネーズ,マヨネーズ
201201,食品,調味料,マヨネーズ・ケチャップ,ケチャップ,ケチャップ
201203,食品,調味料,マヨネーズ・ケチャップ,小物マヨネーズ,小物マヨネーズ
201202,食品,調味料,マヨネーズ・ケチャップ,小物ケチャップ,小物ケチャップ
201290,食品,調味料,マヨネーズ・ケチャップ,その他,その他
201280,食品,調味料,マヨネーズ・ケチャップ,全般,全般
201305,食品,調味料,ドレッシング,和風,和風
201304,食品,調味料,ドレッシング,洋風,洋風
201303,食品,調味料,ドレッシング,中華,中華
201302,食品,調味料,ドレッシング,小物ドレッシング,小物ドレッシング
201390,食品,調味料,ドレッシング,その他,その他
201380,食品,調味料,ドレッシング,全般,全般
201702,食品,調味料,つけもの素,ぬか漬け,ぬか漬け
201703,食品,調味料,つけもの素,浅漬け,浅漬け
201701,食品,調味料,つけもの素,キムチ,キムチ
201790,食品,調味料,つけもの素,その他,その他
201780,食品,調味料,つけもの素,全般,全般
209199,食品,調味料,その他,その他,その他
209180,食品,調味料,その他,全般,全般
370601,食品,香辛料,わさび類,ねりわさび ,ねりわさび 
370600,食品,香辛料,わさび類,粉わさび ,粉わさび 
370690,食品,香辛料,わさび類,その他,その他
370680,食品,香辛料,わさび類,全般,全般
370103,食品,香辛料,からし,練りからし,練りからし
370101,食品,香辛料,からし,粉からし,粉からし
370102,食品,香辛料,からし,粒マスタード,粒マスタード
370100,食品,香辛料,からし,マスタード,マスタード
370190,食品,香辛料,からし,その他,その他
370180,食品,香辛料,からし,全般,全般
370201,食品,香辛料,コショウ,黒コショウ（粉）,黒コショウ（粉）
370202,食品,香辛料,コショウ,白コショウ（粉）,白コショウ（粉）
370200,食品,香辛料,コショウ,コショウ（粒）,コショウ（粒）
370290,食品,香辛料,コショウ,その他,その他
370280,食品,香辛料,コショウ,全般,全般
370403,食品,香辛料,唐辛子,七味,七味
370402,食品,香辛料,唐辛子,一味,一味
370400,食品,香辛料,唐辛子,チリソース,チリソース
370401,食品,香辛料,唐辛子,ホットペッパー,ホットペッパー
370490,食品,香辛料,唐辛子,その他,その他
370480,食品,香辛料,唐辛子,全般,全般
370507,食品,香辛料,粉末,ナツメグ,ナツメグ
370506,食品,香辛料,粉末,シナモン,シナモン
370508,食品,香辛料,粉末,パプリカ,パプリカ
370509,食品,香辛料,粉末,ターメリック,ターメリック
370500,食品,香辛料,粉末,オールスパイス,オールスパイス
370503,食品,香辛料,粉末,カレー粉,カレー粉
370501,食品,香辛料,粉末,ガーリック,ガーリック
370502,食品,香辛料,粉末,ガラムマサラ,ガラムマサラ
370505,食品,香辛料,粉末,コリアンダー,コリアンダー
370504,食品,香辛料,粉末,クローブ,クローブ
370590,食品,香辛料,粉末,その他,その他
370580,食品,香辛料,粉末,全般,全般
370304,食品,香辛料,乾燥ハーブ,パセリ,パセリ
370303,食品,香辛料,乾燥ハーブ,バジル,バジル
370300,食品,香辛料,乾燥ハーブ,オレガノ,オレガノ
370307,食品,香辛料,乾燥ハーブ,ローリエ,ローリエ
370301,食品,香辛料,乾燥ハーブ,タイム,タイム
370302,食品,香辛料,乾燥ハーブ,ディル,ディル
370305,食品,香辛料,乾燥ハーブ,マジョラム,マジョラム
370306,食品,香辛料,乾燥ハーブ,ローズマリー,ローズマリー
370390,食品,香辛料,乾燥ハーブ,その他,その他
370380,食品,香辛料,乾燥ハーブ,全般,全般
379001,食品,香辛料,その他,おろししょうが,おろししょうが
379000,食品,香辛料,その他,八角,八角
379090,食品,香辛料,その他,その他,その他
379080,食品,香辛料,その他,全般,全般
210312,食品,菓子・スプレッド類,洋風菓子,チョコレート,チョコレート
210311,食品,菓子・スプレッド類,洋風菓子,クッキー・ビスケット,クッキー・ビスケット
210310,食品,菓子・スプレッド類,洋風菓子,カステラ,カステラ
210313,食品,菓子・スプレッド類,洋風菓子,焼き菓子,焼き菓子
210314,食品,菓子・スプレッド類,洋風菓子,豆菓子,豆菓子
210315,食品,菓子・スプレッド類,洋風菓子,冷凍洋菓子,冷凍洋菓子
210390,食品,菓子・スプレッド類,洋風菓子,その他,その他
210380,食品,菓子・スプレッド類,洋風菓子,全般,全般
210406,食品,菓子・スプレッド類,和風菓子,せんべい・おかき類,せんべい・おかき類
210401,食品,菓子・スプレッド類,和風菓子,珍味,珍味
210407,食品,菓子・スプレッド類,和風菓子,豆菓子,豆菓子
210405,食品,菓子・スプレッド類,和風菓子,和生菓子,和生菓子
210403,食品,菓子・スプレッド類,和風菓子,半生菓子,半生菓子
210404,食品,菓子・スプレッド類,和風菓子,焼き菓子,焼き菓子
210408,食品,菓子・スプレッド類,和風菓子,冷凍和菓子,冷凍和菓子
210409,食品,菓子・スプレッド類,和風菓子,和駄菓子,和駄菓子
210490,食品,菓子・スプレッド類,和風菓子,その他,その他
210480,食品,菓子・スプレッド類,和風菓子,全般,全般
210804,食品,菓子・スプレッド類,スナック・飴・ガム,チップス類,チップス類
210805,食品,菓子・スプレッド類,スナック・飴・ガム,ポップコーン,ポップコーン
210809,食品,菓子・スプレッド類,スナック・飴・ガム,袋物,袋物
210808,食品,菓子・スプレッド類,スナック・飴・ガム,箱物,箱物
210807,食品,菓子・スプレッド類,スナック・飴・ガム,飴,飴
210806,食品,菓子・スプレッド類,スナック・飴・ガム,ガム,ガム
210890,食品,菓子・スプレッド類,スナック・飴・ガム,その他,その他
210880,食品,菓子・スプレッド類,スナック・飴・ガム,全般,全般
210501,食品,菓子・スプレッド類,デザート,プリン,プリン
210502,食品,菓子・スプレッド類,デザート,ゼリー,ゼリー
210503,食品,菓子・スプレッド類,デザート,中華デザート,中華デザート
210590,食品,菓子・スプレッド類,デザート,その他,その他
210580,食品,菓子・スプレッド類,デザート,全般,全般
210901,食品,菓子・スプレッド類,ケーキ,スポンジ,スポンジ
210904,食品,菓子・スプレッド類,ケーキ,ムース,ムース
210902,食品,菓子・スプレッド類,ケーキ,タルト,タルト
210903,食品,菓子・スプレッド類,ケーキ,パイ,パイ
210906,食品,菓子・スプレッド類,ケーキ,シュー,シュー
210905,食品,菓子・スプレッド類,ケーキ,冷凍ケーキ,冷凍ケーキ
210995,食品,菓子・スプレッド類,ケーキ,その他,その他
210980,食品,菓子・スプレッド類,ケーキ,全般,全般
210600,食品,菓子・スプレッド類,アイス類,アイスクリーム,アイスクリーム
210605,食品,菓子・スプレッド類,アイス類,氷菓,氷菓
210604,食品,菓子・スプレッド類,アイス類,業務用,業務用
210680,食品,菓子・スプレッド類,アイス類,全般,全般
211107,食品,菓子・スプレッド類,ナッツ類,落花生（ピーナッツ）,落花生（ピーナッツ）
211106,食品,菓子・スプレッド類,ナッツ類,大豆,大豆
211103,食品,菓子・スプレッド類,ナッツ類,そら豆,そら豆
211102,食品,菓子・スプレッド類,ナッツ類,クルミ,クルミ
211100,食品,菓子・スプレッド類,ナッツ類,アーモンド,アーモンド
211101,食品,菓子・スプレッド類,ナッツ類,カシューナッツ,カシューナッツ
211104,食品,菓子・スプレッド類,ナッツ類,ピスタチオ,ピスタチオ
211105,食品,菓子・スプレッド類,ナッツ類,マカデミアナッツ,マカデミアナッツ
211108,食品,菓子・スプレッド類,ナッツ類,ヘーゼルナッツ,ヘーゼルナッツ
211109,食品,菓子・スプレッド類,ナッツ類,ココナッツ,ココナッツ
211190,食品,菓子・スプレッド類,ナッツ類,その他,その他
211180,食品,菓子・スプレッド類,ナッツ類,全般,全般
211003,食品,菓子・スプレッド類,はちみつ・スプレッド類,はちみつ,はちみつ
211002,食品,菓子・スプレッド類,はちみつ・スプレッド類,ピーナツバター,ピーナツバター
211001,食品,菓子・スプレッド類,はちみつ・スプレッド類,チョコレートスプレッド,チョコレートスプレッド
211090,食品,菓子・スプレッド類,はちみつ・スプレッド類,その他,その他
211080,食品,菓子・スプレッド類,はちみつ・スプレッド類,全般,全般
210702,食品,菓子・スプレッド類,製菓材料・その他,種実類,種実類
210704,食品,菓子・スプレッド類,製菓材料・その他,シロップ,シロップ
210701,食品,菓子・スプレッド類,製菓材料・その他,ピューレ,ピューレ
210703,食品,菓子・スプレッド類,製菓材料・その他,製あん,製あん
210705,食品,菓子・スプレッド類,製菓材料・その他,ペースト,ペースト
210795,食品,菓子・スプレッド類,製菓材料・その他,その他,その他
210780,食品,菓子・スプレッド類,製菓材料・その他,全般,全般
420101,食品,製菓・製パン材料,イースト改良剤,生イースト,生イースト
420102,食品,製菓・製パン材料,イースト改良剤,ドライイースト,ドライイースト
420103,食品,製菓・製パン材料,イースト改良剤,酵母類,酵母類
420104,食品,製菓・製パン材料,イースト改良剤,パン改良剤,パン改良剤
420190,食品,製菓・製パン材料,イースト改良剤,その他,その他
420180,食品,製菓・製パン材料,イースト改良剤,全般,全般
420201,食品,製菓・製パン材料,添加物,膨張剤,膨張剤
420202,食品,製菓・製パン材料,添加物,着色料,着色料
420203,食品,製菓・製パン材料,添加物,安定剤,安定剤
420204,食品,製菓・製パン材料,添加物,保存料,保存料
420205,食品,製菓・製パン材料,添加物,香料,香料
420206,食品,製菓・製パン材料,添加物,ペースト,ペースト
420290,食品,製菓・製パン材料,添加物,その他,その他
420280,食品,製菓・製パン材料,添加物,全般,全般
420301,食品,製菓・製パン材料,ゲル化剤,ゼラチン,ゼラチン
420302,食品,製菓・製パン材料,ゲル化剤,カラゲーナン,カラゲーナン
420303,食品,製菓・製パン材料,ゲル化剤,ペクチン,ペクチン
420304,食品,製菓・製パン材料,ゲル化剤,味付ゲル化剤ミックス,味付ゲル化剤ミックス
420305,食品,製菓・製パン材料,ゲル化剤,ナパージュ,ナパージュ
420390,食品,製菓・製パン材料,ゲル化剤,その他,その他
420380,食品,製菓・製パン材料,ゲル化剤,全般,全般
420401,食品,製菓・製パン材料,糖類,でんぷん糖,でんぷん糖
420402,食品,製菓・製パン材料,糖類,水あめ,水あめ
420490,食品,製菓・製パン材料,糖類,その他,その他
420480,食品,製菓・製パン材料,糖類,全般,全般
420501,食品,製菓・製パン材料,チョコレート材料,クーベルチュール　スィート,クーベルチュール　スィート
420502,食品,製菓・製パン材料,チョコレート材料,クーベルチュール　ミルク,クーベルチュール　ミルク
420503,食品,製菓・製パン材料,チョコレート材料,クーベルチュール　ホワイト,クーベルチュール　ホワイト
420504,食品,製菓・製パン材料,チョコレート材料,フレーバーチョコ,フレーバーチョコ
420505,食品,製菓・製パン材料,チョコレート材料,カカオ関連,カカオ関連
420506,食品,製菓・製パン材料,チョコレート材料,ココア,ココア
420507,食品,製菓・製パン材料,チョコレート材料,ジャンドゥージャ,ジャンドゥージャ
420508,食品,製菓・製パン材料,チョコレート材料,コーティング用,コーティング用
420509,食品,製菓・製パン材料,チョコレート材料,デコレーション用,デコレーション用
420510,食品,製菓・製パン材料,チョコレート材料,チョコレート加工品,チョコレート加工品
420590,食品,製菓・製パン材料,チョコレート材料,その他,その他
420580,食品,製菓・製パン材料,チョコレート材料,全般,全般
420601,食品,製菓・製パン材料,種実類,ナッツプードル類,ナッツプードル類
420602,食品,製菓・製パン材料,種実類,ナッツペースト類,ナッツペースト類
420690,食品,製菓・製パン材料,種実類,その他,その他
420680,食品,製菓・製パン材料,種実類,全般,全般
420701,食品,製菓・製パン材料,加工品,栗 渋皮煮ホール,栗 渋皮煮ホール
420702,食品,製菓・製パン材料,加工品,栗 渋皮煮ブロークン,栗 渋皮煮ブロークン
420703,食品,製菓・製パン材料,加工品,栗 甘露煮ホール,栗 甘露煮ホール
420704,食品,製菓・製パン材料,加工品,栗 甘露煮ブロークン,栗 甘露煮ブロークン
420705,食品,製菓・製パン材料,加工品,栗 その他甘露煮,栗 その他甘露煮
420706,食品,製菓・製パン材料,加工品,栗 ペースト類,栗 ペースト類
420707,食品,製菓・製パン材料,加工品,さつまいも加工品,さつまいも加工品
420708,食品,製菓・製パン材料,加工品,やまいも加工品,やまいも加工品
420709,食品,製菓・製パン材料,加工品,その他いも加工品,その他いも加工品
420710,食品,製菓・製パン材料,加工品,かぼちゃ加工品,かぼちゃ加工品
420711,食品,製菓・製パン材料,加工品,豆甘煮,豆甘煮
420790,食品,製菓・製パン材料,加工品,その他,その他
420780,食品,製菓・製パン材料,加工品,全般,全般
420801,食品,製菓・製パン材料,卵類,フレッシュ,フレッシュ
420802,食品,製菓・製パン材料,卵類,冷凍,冷凍
420803,食品,製菓・製パン材料,卵類,乾燥,乾燥
420804,食品,製菓・製パン材料,卵類,卵加工品,卵加工品
420890,食品,製菓・製パン材料,卵類,その他,その他
420880,食品,製菓・製パン材料,卵類,全般,全般
420990,食品,製菓・製パン材料,フィリング,その他,その他
420980,食品,製菓・製パン材料,フィリング,全般,全般
421001,食品,製菓・製パン材料,冷凍パン関連,冷凍生地,冷凍生地
421002,食品,製菓・製パン材料,冷凍パン関連,焼成冷凍パン,焼成冷凍パン
421090,食品,製菓・製パン材料,冷凍パン関連,その他,その他
421080,食品,製菓・製パン材料,冷凍パン関連,全般,全般
429001,食品,製菓・製パン材料,その他,半製品,半製品
429002,食品,製菓・製パン材料,その他,葉・花加工品,葉・花加工品
429003,食品,製菓・製パン材料,その他,カスタード用ミックス粉,カスタード用ミックス粉
429090,食品,製菓・製パン材料,その他,その他,その他
429080,食品,製菓・製パン材料,その他,全般,全般
220116,食品,油脂,植物油,白絞,白絞
220114,食品,油脂,植物油,菜種,菜種
220113,食品,油脂,植物油,オリーブ,オリーブ
220111,食品,油脂,植物油,ごま,ごま
220112,食品,油脂,植物油,サラダ,サラダ
220108,食品,油脂,植物油,サフラワー,サフラワー
220117,食品,油脂,植物油,コーン,コーン
220109,食品,油脂,植物油,ピーナッツ,ピーナッツ
220100,食品,油脂,植物油,マーガリン,マーガリン
220110,食品,油脂,植物油,小物マーガリン,小物マーガリン
220118,食品,油脂,植物油,コンパウンドマーガリン,コンパウンドマーガリン
220119,食品,油脂,植物油,ショートニング,ショートニング
220120,食品,油脂,植物油,特殊油脂,特殊油脂
220121,食品,油脂,植物油,離型油,離型油
220122,食品,油脂,植物油,ロールイン油脂,ロールイン油脂
220123,食品,油脂,植物油,ドーナッツ用油脂,ドーナッツ用油脂
220190,食品,油脂,植物油,その他,その他
220180,食品,油脂,植物油,全般,全般
220213,食品,油脂,動物油,バター,バター
220211,食品,油脂,動物油,ラード,ラード
220212,食品,油脂,動物油,小物バター,小物バター
220290,食品,油脂,動物油,その他,その他
220280,食品,油脂,動物油,全般,全般
240000,食品,飲料・飲料原料,お茶 （ドリンク）,緑茶,緑茶
240001,食品,飲料・飲料原料,お茶 （ドリンク）,紅茶,紅茶
240004,食品,飲料・飲料原料,お茶 （ドリンク）,麦茶,麦茶
240005,食品,飲料・飲料原料,お茶 （ドリンク）,中国茶,中国茶
240006,食品,飲料・飲料原料,お茶 （ドリンク）,ハーブティー,ハーブティー
240090,食品,飲料・飲料原料,お茶 （ドリンク）,その他,その他
240080,食品,飲料・飲料原料,お茶 （ドリンク）,全般,全般
240711,食品,飲料・飲料原料,茶葉,煎茶,煎茶
240716,食品,飲料・飲料原料,茶葉,緑茶,緑茶
240715,食品,飲料・飲料原料,茶葉,玄米茶,玄米茶
240714,食品,飲料・飲料原料,茶葉,ほうじ茶,ほうじ茶
240713,食品,飲料・飲料原料,茶葉,抹茶 ,抹茶 
240708,食品,飲料・飲料原料,茶葉,セイロンティー,セイロンティー
240709,食品,飲料・飲料原料,茶葉,ダージリンティー,ダージリンティー
240706,食品,飲料・飲料原料,茶葉,アッサムティー,アッサムティー
240705,食品,飲料・飲料原料,茶葉,アールグレーティー,アールグレーティー
240791,食品,飲料・飲料原料,茶葉,その他紅茶,その他紅茶
240712,食品,飲料・飲料原料,茶葉,ハーブ茶,ハーブ茶
240707,食品,飲料・飲料原料,茶葉,ウーロン茶,ウーロン茶
240792,食品,飲料・飲料原料,茶葉,その他中国茶,その他中国茶
240790,食品,飲料・飲料原料,茶葉,その他,その他
240780,食品,飲料・飲料原料,茶葉,全般,全般
240809,食品,飲料・飲料原料,茶葉（ティーバック）,煎茶,煎茶
240812,食品,飲料・飲料原料,茶葉（ティーバック）,緑茶,緑茶
240810,食品,飲料・飲料原料,茶葉（ティーバック）,麦茶,麦茶
240813,食品,飲料・飲料原料,茶葉（ティーバック）,玄米茶,玄米茶
240808,食品,飲料・飲料原料,茶葉（ティーバック）,ほうじ茶,ほうじ茶
240811,食品,飲料・飲料原料,茶葉（ティーバック）,抹茶,抹茶
240805,食品,飲料・飲料原料,茶葉（ティーバック）,セイロンティー,セイロンティー
240806,食品,飲料・飲料原料,茶葉（ティーバック）,ダージリンティー,ダージリンティー
240803,食品,飲料・飲料原料,茶葉（ティーバック）,アッサムティー,アッサムティー
240802,食品,飲料・飲料原料,茶葉（ティーバック）,アールグレーティー,アールグレーティー
240891,食品,飲料・飲料原料,茶葉（ティーバック）,その他紅茶,その他紅茶
240807,食品,飲料・飲料原料,茶葉（ティーバック）,ハーブ茶,ハーブ茶
240804,食品,飲料・飲料原料,茶葉（ティーバック）,ウーロン茶,ウーロン茶
240892,食品,飲料・飲料原料,茶葉（ティーバック）,その他中国茶,その他中国茶
240890,食品,飲料・飲料原料,茶葉（ティーバック）,その他,その他
240880,食品,飲料・飲料原料,茶葉（ティーバック）,全般,全般
240500,食品,飲料・飲料原料,コーヒー・その他,レギュラーコーヒー,レギュラーコーヒー
240501,食品,飲料・飲料原料,コーヒー・その他,インスタントコーヒー,インスタントコーヒー
240503,食品,飲料・飲料原料,コーヒー・その他,コーヒー（ドリンク）,コーヒー（ドリンク）
240502,食品,飲料・飲料原料,コーヒー・その他,ココア,ココア
240504,食品,飲料・飲料原料,コーヒー・その他,生豆,生豆
240590,食品,飲料・飲料原料,コーヒー・その他,その他,その他
240580,食品,飲料・飲料原料,コーヒー・その他,全般,全般
240101,食品,飲料・飲料原料,ジュース,炭酸飲料,炭酸飲料
240106,食品,飲料・飲料原料,ジュース,果汁入り,果汁入り
240105,食品,飲料・飲料原料,ジュース,野菜ジュース,野菜ジュース
240102,食品,飲料・飲料原料,ジュース,乳酸菌飲料,乳酸菌飲料
240107,食品,飲料・飲料原料,ジュース,ミックス,ミックス
240190,食品,飲料・飲料原料,ジュース,その他,その他
240180,食品,飲料・飲料原料,ジュース,全般,全般
240218,食品,飲料・飲料原料,酒類,清酒（大吟醸酒）,清酒（大吟醸酒）
240217,食品,飲料・飲料原料,酒類,清酒（吟醸酒）,清酒（吟醸酒）
240219,食品,飲料・飲料原料,酒類,清酒（純米酒）,清酒（純米酒）
240228,食品,飲料・飲料原料,酒類,清酒（純米吟醸）,清酒（純米吟醸）
240229,食品,飲料・飲料原料,酒類,清酒（純米大吟醸酒）,清酒（純米大吟醸酒）
240230,食品,飲料・飲料原料,酒類,清酒（特別純米酒）,清酒（特別純米酒）
240221,食品,飲料・飲料原料,酒類,清酒（本醸造酒）,清酒（本醸造酒）
240231,食品,飲料・飲料原料,酒類,清酒（特別本醸造酒）,清酒（特別本醸造酒）
240220,食品,飲料・飲料原料,酒類,清酒（普通酒）,清酒（普通酒）
240232,食品,飲料・飲料原料,酒類,合成清酒,合成清酒
240216,食品,飲料・飲料原料,酒類,芋焼酎,芋焼酎
240225,食品,飲料・飲料原料,酒類,麦焼酎,麦焼酎
240226,食品,飲料・飲料原料,酒類,米焼酎,米焼酎
240227,食品,飲料・飲料原料,酒類,泡盛,泡盛
240233,食品,飲料・飲料原料,酒類,焼酎（甲類）,焼酎（甲類）
240234,食品,飲料・飲料原料,酒類,黒糖焼酎,黒糖焼酎
240292,食品,飲料・飲料原料,酒類,その他焼酎,その他焼酎
240202,食品,飲料・飲料原料,酒類,ウイスキー,ウイスキー
240209,食品,飲料・飲料原料,酒類,ブランデー,ブランデー
240222,食品,飲料・飲料原料,酒類,赤ワイン,赤ワイン
240224,食品,飲料・飲料原料,酒類,白ワイン,白ワイン
240235,食品,飲料・飲料原料,酒類,スパークリングワイン,スパークリングワイン
240291,食品,飲料・飲料原料,酒類,その他ワイン,その他ワイン
240204,食品,飲料・飲料原料,酒類,ビール,ビール
240206,食品,飲料・飲料原料,酒類,発泡酒,発泡酒
240236,食品,飲料・飲料原料,酒類,その他の発泡性酒類,その他の発泡性酒類
240237,食品,飲料・飲料原料,酒類,その他の醸造酒,その他の醸造酒
240205,食品,飲料・飲料原料,酒類,リキュール,リキュール
240238,食品,飲料・飲料原料,酒類,スピリッツ,スピリッツ
240239,食品,飲料・飲料原料,酒類,ウォッカ,ウォッカ
240240,食品,飲料・飲料原料,酒類,梅酒,梅酒
240207,食品,飲料・飲料原料,酒類,甘味果実酒,甘味果実酒
240223,食品,飲料・飲料原料,酒類,中国酒,中国酒
240241,食品,飲料・飲料原料,酒類,粉末酒,粉末酒
240242,食品,飲料・飲料原料,酒類,雑酒,雑酒
240215,食品,飲料・飲料原料,酒類,ノンアルコール飲料,ノンアルコール飲料
240290,食品,飲料・飲料原料,酒類,その他,その他
240280,食品,飲料・飲料原料,酒類,全般,全般
240302,食品,飲料・飲料原料,ミネラル・製氷・その他,ミネラル水,ミネラル水
240303,食品,飲料・飲料原料,ミネラル・製氷・その他,製氷,製氷
240301,食品,飲料・飲料原料,ミネラル・製氷・その他,スポーツドリンク,スポーツドリンク
240390,食品,飲料・飲料原料,ミネラル・製氷・その他,その他,その他
240380,食品,飲料・飲料原料,ミネラル・製氷・その他,全般,全般
260419,食品,漬物・ふりかけ類,漬物,浅漬け,浅漬け
260420,食品,漬物・ふりかけ類,漬物,たくあん,たくあん
260408,食品,漬物・ふりかけ類,漬物,ぬか漬け,ぬか漬け
260411,食品,漬物・ふりかけ類,漬物,みそ漬け,みそ漬け
260407,食品,漬物・ふりかけ類,漬物,しょうゆ漬け,しょうゆ漬け
260410,食品,漬物・ふりかけ類,漬物,べったら漬け,べったら漬け
260418,食品,漬物・ふりかけ類,漬物,からし漬け,からし漬け
260412,食品,漬物・ふりかけ類,漬物,わさび漬け,わさび漬け
260421,食品,漬物・ふりかけ類,漬物,奈良漬け,奈良漬け
260406,食品,漬物・ふりかけ類,漬物,しば漬け,しば漬け
260416,食品,漬物・ふりかけ類,漬物,福神漬け,福神漬け
260417,食品,漬物・ふりかけ類,漬物,野沢菜,野沢菜
260414,食品,漬物・ふりかけ類,漬物,高菜,高菜
260423,食品,漬物・ふりかけ類,漬物,らっきょう,らっきょう
260413,食品,漬物・ふりかけ類,漬物,紅しょうが,紅しょうが
260422,食品,漬物・ふりかけ類,漬物,甘酢生姜,甘酢生姜
260409,食品,漬物・ふりかけ類,漬物,ピクルス,ピクルス
260425,食品,漬物・ふりかけ類,漬物,古漬け,古漬け
260490,食品,漬物・ふりかけ類,漬物,その他,その他
260480,食品,漬物・ふりかけ類,漬物,全般,全般
260303,食品,漬物・ふりかけ類,梅干類,梅干,梅干
260304,食品,漬物・ふりかけ類,梅干類,ねり梅,ねり梅
260302,食品,漬物・ふりかけ類,梅干類,しそ,しそ
260390,食品,漬物・ふりかけ類,梅干類,その他,その他
260380,食品,漬物・ふりかけ類,梅干類,全般,全般
260205,食品,漬物・ふりかけ類,キムチ,白菜キムチ,白菜キムチ
260203,食品,漬物・ふりかけ類,キムチ,カクテキ,カクテキ
260202,食品,漬物・ふりかけ類,キムチ,オイキムチ,オイキムチ
260204,食品,漬物・ふりかけ類,キムチ,チャンジャ,チャンジャ
260201,食品,漬物・ふりかけ類,キムチ,イカキムチ,イカキムチ
260290,食品,漬物・ふりかけ類,キムチ,その他,その他
260280,食品,漬物・ふりかけ類,キムチ,全般,全般
260503,食品,漬物・ふりかけ類,ふりかけ・お茶漬け,ふりかけ,ふりかけ
260502,食品,漬物・ふりかけ類,ふりかけ・お茶漬け,ごましお,ごましお
260504,食品,漬物・ふりかけ類,ふりかけ・お茶漬け,お茶漬け,お茶漬け
260580,食品,漬物・ふりかけ類,ふりかけ・お茶漬け,全般,全般
270000,食品,調理済み加工食品,サラダ,ポテトサラダ,ポテトサラダ
270001,食品,調理済み加工食品,サラダ,マカロニサラダ,マカロニサラダ
270004,食品,調理済み加工食品,サラダ,野菜系サラダ,野菜系サラダ
270003,食品,調理済み加工食品,サラダ,魚介・肉系サラダ,魚介・肉系サラダ
270090,食品,調理済み加工食品,サラダ,その他,その他
270080,食品,調理済み加工食品,サラダ,全般,全般
270510,食品,調理済み加工食品,和惣菜,野菜煮物,野菜煮物
270509,食品,調理済み加工食品,和惣菜,肉煮物,肉煮物
270506,食品,調理済み加工食品,和惣菜,魚煮物,魚煮物
270514,食品,調理済み加工食品,和惣菜,焼き魚,焼き魚
270513,食品,調理済み加工食品,和惣菜,和え物,和え物
270508,食品,調理済み加工食品,和惣菜,焼き物,焼き物
270512,食品,調理済み加工食品,和惣菜,炒め物,炒め物
270505,食品,調理済み加工食品,和惣菜,揚げ物,揚げ物
270515,食品,調理済み加工食品,和惣菜,串もの,串もの
270511,食品,調理済み加工食品,和惣菜,卵調理品,卵調理品
270500,食品,調理済み加工食品,和惣菜,佃煮,佃煮
270590,食品,調理済み加工食品,和惣菜,その他,その他
270580,食品,調理済み加工食品,和惣菜,全般,全般
270609,食品,調理済み加工食品,洋惣菜,ハンバーグ,ハンバーグ
270606,食品,調理済み加工食品,洋惣菜,ミートボール,ミートボール
270610,食品,調理済み加工食品,洋惣菜,コロッケ,コロッケ
270612,食品,調理済み加工食品,洋惣菜,カツ,カツ
270608,食品,調理済み加工食品,洋惣菜,その他フライ系,その他フライ系
270604,食品,調理済み加工食品,洋惣菜,オムレツ,オムレツ
270605,食品,調理済み加工食品,洋惣菜,グラタン類,グラタン類
270611,食品,調理済み加工食品,洋惣菜,洋風煮物,洋風煮物
270607,食品,調理済み加工食品,洋惣菜,炒め物,炒め物
270613,食品,調理済み加工食品,洋惣菜,ローストビーフ,ローストビーフ
270691,食品,調理済み加工食品,洋惣菜,その他,その他
270680,食品,調理済み加工食品,洋惣菜,全般,全般
270708,食品,調理済み加工食品,中華惣菜,餃子,餃子
270709,食品,調理済み加工食品,中華惣菜,シュウマイ,シュウマイ
270703,食品,調理済み加工食品,中華惣菜,春巻き,春巻き
270706,食品,調理済み加工食品,中華惣菜,炒め物,炒め物
270704,食品,調理済み加工食品,中華惣菜,蒸し物,蒸し物
270705,食品,調理済み加工食品,中華惣菜,揚げ物,揚げ物
270707,食品,調理済み加工食品,中華惣菜,点心,点心
270790,食品,調理済み加工食品,中華惣菜,その他,その他
270780,食品,調理済み加工食品,中華惣菜,全般,全般
271201,食品,調理済み加工食品,アジア惣菜,焼き物,焼き物
271202,食品,調理済み加工食品,アジア惣菜,炒め物,炒め物
271203,食品,調理済み加工食品,アジア惣菜,揚げ物,揚げ物
271290,食品,調理済み加工食品,アジア惣菜,その他,その他
271280,食品,調理済み加工食品,アジア惣菜,全般,全般
271106,食品,調理済み加工食品,米飯,おにぎり,おにぎり
271108,食品,調理済み加工食品,米飯,寿司,寿司
271107,食品,調理済み加工食品,米飯,丼物,丼物
271105,食品,調理済み加工食品,米飯,炒飯,炒飯
271104,食品,調理済み加工食品,米飯,ピラフ,ピラフ
271103,食品,調理済み加工食品,米飯,オムライス,オムライス
271190,食品,調理済み加工食品,米飯,その他,その他
271180,食品,調理済み加工食品,米飯,全般,全般
270802,食品,調理済み加工食品,パン・麺,サンドイッチ,サンドイッチ
270807,食品,調理済み加工食品,パン・麺,調理パン,調理パン
270803,食品,調理済み加工食品,パン・麺,そば,そば
270801,食品,調理済み加工食品,パン・麺,うどん,うどん
270806,食品,調理済み加工食品,パン・麺,焼そば,焼そば
270805,食品,調理済み加工食品,パン・麺,ラーメン,ラーメン
270804,食品,調理済み加工食品,パン・麺,パスタ,パスタ
270890,食品,調理済み加工食品,パン・麺,その他,その他
270880,食品,調理済み加工食品,パン・麺,全般,全般
271001,食品,調理済み加工食品,即席スープ・味噌汁,即席スープ,即席スープ
271002,食品,調理済み加工食品,即席スープ・味噌汁,即席味噌汁,即席味噌汁
271080,食品,調理済み加工食品,即席スープ・味噌汁,全般,全般
270902,食品,調理済み加工食品,オードブル・その他,オードブル,オードブル
270901,食品,調理済み加工食品,オードブル・その他,スープ,スープ
270990,食品,調理済み加工食品,オードブル・その他,その他,その他
270980,食品,調理済み加工食品,オードブル・その他,全般,全般
271380,食品,調理済み加工食品,トッピング,全般,全般
400608,食品,レトルト食品,米飯・麺類・具材料他,白米,白米
400607,食品,レトルト食品,米飯・麺類・具材料他,おかゆ,おかゆ
400603,食品,レトルト食品,米飯・麺類・具材料他,炊き込みご飯の素,炊き込みご飯の素
400610,食品,レトルト食品,米飯・麺類・具材料他,混ぜ込みご飯の素,混ぜ込みご飯の素
400606,食品,レトルト食品,米飯・麺類・具材料他,丼類（具）,丼類（具）
400601,食品,レトルト食品,米飯・麺類・具材料他,お好み焼き,お好み焼き
400602,食品,レトルト食品,米飯・麺類・具材料他,たこ焼き,たこ焼き
400605,食品,レトルト食品,米飯・麺類・具材料他,麺類,麺類
400690,食品,レトルト食品,米飯・麺類・具材料他,その他,その他
400680,食品,レトルト食品,米飯・麺類・具材料他,全般,全般
409100,食品,レトルト食品,カレー・その他,カレー,カレー
409102,食品,レトルト食品,カレー・その他,ハヤシ,ハヤシ
409101,食品,レトルト食品,カレー・その他,シチュー,シチュー
409190,食品,レトルト食品,カレー・その他,その他,その他
409180,食品,レトルト食品,カレー・その他,全般,全般
400702,食品,レトルト食品,スープ（缶・袋もの）,和風,和風
400701,食品,レトルト食品,スープ（缶・袋もの）,洋風,洋風
400703,食品,レトルト食品,スープ（缶・袋もの）,中華,中華
400795,食品,レトルト食品,スープ（缶・袋もの）,その他,その他
400780,食品,レトルト食品,スープ（缶・袋もの）,全般,全般
400802,食品,レトルト食品,惣菜類,和風,和風
400801,食品,レトルト食品,惣菜類,洋風,洋風
400800,食品,レトルト食品,惣菜類,中華,中華
400890,食品,レトルト食品,惣菜類,その他,その他
400880,食品,レトルト食品,惣菜類,全般,全般
409090,食品,レトルト食品,その他,その他,その他
409080,食品,レトルト食品,その他,全般,全般
230317,食品,冷凍調理食品,米穀類・丼類他,白米,白米
230316,食品,冷凍調理食品,米穀類・丼類他,炒飯,炒飯
230311,食品,冷凍調理食品,米穀類・丼類他,ピラフ,ピラフ
230304,食品,冷凍調理食品,米穀類・丼類他,オムライス,オムライス
230303,食品,冷凍調理食品,米穀類・丼類他,おにぎり,おにぎり
230391,食品,冷凍調理食品,米穀類・丼類他,その他米飯,その他米飯
230315,食品,冷凍調理食品,米穀類・丼類他,丼類（具）,丼類（具）
230306,食品,冷凍調理食品,米穀類・丼類他,そば,そば
230302,食品,冷凍調理食品,米穀類・丼類他,うどん,うどん
230308,食品,冷凍調理食品,米穀類・丼類他,パスタ,パスタ
230313,食品,冷凍調理食品,米穀類・丼類他,ラーメン,ラーメン
230312,食品,冷凍調理食品,米穀類・丼類他,やきそば,やきそば
230392,食品,冷凍調理食品,米穀類・丼類他,その他麺類,その他麺類
230309,食品,冷凍調理食品,米穀類・丼類他,パン,パン
230310,食品,冷凍調理食品,米穀類・丼類他,ピザ,ピザ
230305,食品,冷凍調理食品,米穀類・丼類他,お好み焼き,お好み焼き
230307,食品,冷凍調理食品,米穀類・丼類他,たこ焼き,たこ焼き
230390,食品,冷凍調理食品,米穀類・丼類他,その他,その他
230380,食品,冷凍調理食品,米穀類・丼類他,全般,全般
230600,食品,冷凍調理食品,和惣菜,厚焼き卵,厚焼き卵
230603,食品,冷凍調理食品,和惣菜,茶碗蒸し,茶碗蒸し
230691,食品,冷凍調理食品,和惣菜,その他卵調理品,その他卵調理品
230605,食品,冷凍調理食品,和惣菜,和え物,和え物
230601,食品,冷凍調理食品,和惣菜,煮物,煮物
230602,食品,冷凍調理食品,和惣菜,焼き物,焼き物
230604,食品,冷凍調理食品,和惣菜,揚げ物,揚げ物
230690,食品,冷凍調理食品,和惣菜,その他,その他
230680,食品,冷凍調理食品,和惣菜,全般,全般
230504,食品,冷凍調理食品,洋惣菜,ハンバーグ,ハンバーグ
230505,食品,冷凍調理食品,洋惣菜,ミートボール,ミートボール
230501,食品,冷凍調理食品,洋惣菜,カツ,カツ
230503,食品,冷凍調理食品,洋惣菜,コロッケ,コロッケ
230508,食品,冷凍調理食品,洋惣菜,野菜フライ,野菜フライ
230506,食品,冷凍調理食品,洋惣菜,魚介類フライ,魚介類フライ
230507,食品,冷凍調理食品,洋惣菜,肉類フライ,肉類フライ
230502,食品,冷凍調理食品,洋惣菜,グラタン類,グラタン類
230500,食品,冷凍調理食品,洋惣菜,オムレツ,オムレツ
230591,食品,冷凍調理食品,洋惣菜,その他卵調理品,その他卵調理品
230590,食品,冷凍調理食品,洋惣菜,その他,その他
230580,食品,冷凍調理食品,洋惣菜,全般,全般
230408,食品,冷凍調理食品,中華惣菜,餃子,餃子
230400,食品,冷凍調理食品,中華惣菜,シュウマイ,シュウマイ
230401,食品,冷凍調理食品,中華惣菜,春巻き,春巻き
230403,食品,冷凍調理食品,中華惣菜,中華まん,中華まん
230404,食品,冷凍調理食品,中華惣菜,点心,点心
230406,食品,冷凍調理食品,中華惣菜,卵調理品,卵調理品
230407,食品,冷凍調理食品,中華惣菜,炒め物,炒め物
230402,食品,冷凍調理食品,中華惣菜,蒸し物,蒸し物
230405,食品,冷凍調理食品,中華惣菜,揚げ物,揚げ物
230490,食品,冷凍調理食品,中華惣菜,その他,その他
230480,食品,冷凍調理食品,中華惣菜,全般,全般
239006,食品,冷凍調理食品,その他,スープ,スープ
239091,食品,冷凍調理食品,その他,その他,その他
239080,食品,冷凍調理食品,その他,全般,全般
310101,食品,催事（イベント）,都道府県特産品,北海道特産品,北海道特産品
310102,食品,催事（イベント）,都道府県特産品,青森県特産品,青森県特産品
310103,食品,催事（イベント）,都道府県特産品,岩手県特産品,岩手県特産品
310104,食品,催事（イベント）,都道府県特産品,宮城県特産品,宮城県特産品
310105,食品,催事（イベント）,都道府県特産品,秋田県特産品,秋田県特産品
310106,食品,催事（イベント）,都道府県特産品,山形県特産品,山形県特産品
310107,食品,催事（イベント）,都道府県特産品,福島県特産品,福島県特産品
310108,食品,催事（イベント）,都道府県特産品,茨城県特産品,茨城県特産品
310109,食品,催事（イベント）,都道府県特産品,栃木県特産品,栃木県特産品
310110,食品,催事（イベント）,都道府県特産品,群馬県特産品,群馬県特産品
310111,食品,催事（イベント）,都道府県特産品,埼玉県特産品,埼玉県特産品
310112,食品,催事（イベント）,都道府県特産品,千葉県特産品,千葉県特産品
310113,食品,催事（イベント）,都道府県特産品,東京都特産品,東京都特産品
310114,食品,催事（イベント）,都道府県特産品,神奈川県特産品,神奈川県特産品
310115,食品,催事（イベント）,都道府県特産品,新潟県特産品,新潟県特産品
310116,食品,催事（イベント）,都道府県特産品,富山県特産品,富山県特産品
310117,食品,催事（イベント）,都道府県特産品,石川県特産品,石川県特産品
310118,食品,催事（イベント）,都道府県特産品,福井県特産品,福井県特産品
310119,食品,催事（イベント）,都道府県特産品,山梨県特産品,山梨県特産品
310120,食品,催事（イベント）,都道府県特産品,長野県特産品,長野県特産品
310121,食品,催事（イベント）,都道府県特産品,岐阜県特産品,岐阜県特産品
310122,食品,催事（イベント）,都道府県特産品,静岡県特産品,静岡県特産品
310123,食品,催事（イベント）,都道府県特産品,愛知県特産品,愛知県特産品
310124,食品,催事（イベント）,都道府県特産品,三重県特産品,三重県特産品
310125,食品,催事（イベント）,都道府県特産品,滋賀県特産品,滋賀県特産品
310126,食品,催事（イベント）,都道府県特産品,京都府特産品,京都府特産品
310127,食品,催事（イベント）,都道府県特産品,大阪府特産品,大阪府特産品
310128,食品,催事（イベント）,都道府県特産品,兵庫県特産品,兵庫県特産品
310129,食品,催事（イベント）,都道府県特産品,奈良県特産品,奈良県特産品
310130,食品,催事（イベント）,都道府県特産品,和歌山県特産品,和歌山県特産品
310131,食品,催事（イベント）,都道府県特産品,鳥取県特産品,鳥取県特産品
310132,食品,催事（イベント）,都道府県特産品,島根県特産品,島根県特産品
310133,食品,催事（イベント）,都道府県特産品,岡山県特産品,岡山県特産品
310134,食品,催事（イベント）,都道府県特産品,広島県特産品,広島県特産品
310135,食品,催事（イベント）,都道府県特産品,山口県特産品,山口県特産品
310136,食品,催事（イベント）,都道府県特産品,徳島県特産品,徳島県特産品
310137,食品,催事（イベント）,都道府県特産品,香川県特産品,香川県特産品
310138,食品,催事（イベント）,都道府県特産品,愛媛県特産品,愛媛県特産品
310139,食品,催事（イベント）,都道府県特産品,高知県特産品,高知県特産品
310140,食品,催事（イベント）,都道府県特産品,福岡県特産品,福岡県特産品
310141,食品,催事（イベント）,都道府県特産品,佐賀県特産品,佐賀県特産品
310142,食品,催事（イベント）,都道府県特産品,長崎県特産品,長崎県特産品
310143,食品,催事（イベント）,都道府県特産品,熊本県特産品,熊本県特産品
310144,食品,催事（イベント）,都道府県特産品,大分県特産品,大分県特産品
310145,食品,催事（イベント）,都道府県特産品,宮崎県特産品,宮崎県特産品
310146,食品,催事（イベント）,都道府県特産品,鹿児島県特産品,鹿児島県特産品
310147,食品,催事（イベント）,都道府県特産品,沖縄県特産品,沖縄県特産品
310148,食品,催事（イベント）,都道府県特産品,海外特産品,海外特産品
310180,食品,催事（イベント）,都道府県特産品,全般,全般
319000,食品,催事（イベント）,催事・その他,冠婚葬祭,冠婚葬祭
319001,食品,催事（イベント）,催事・その他,季節催事,季節催事
319090,食品,催事（イベント）,催事・その他,その他,その他
319080,食品,催事（イベント）,催事・その他,全般,全般
310200,食品,催事（イベント）,100円均一,青果物,青果物
310201,食品,催事（イベント）,100円均一,畜産物,畜産物
310202,食品,催事（イベント）,100円均一,水産物,水産物
310204,食品,催事（イベント）,100円均一,菓子,菓子
310203,食品,催事（イベント）,100円均一,飲料,飲料
310205,食品,催事（イベント）,100円均一,調味料,調味料
310290,食品,催事（イベント）,100円均一,その他,その他
310280,食品,催事（イベント）,100円均一,全般,全般
310301,食品,催事（イベント）,景品・ノベルティ,景品・ノベルティ,景品・ノベルティ
310380,食品,催事（イベント）,景品・ノベルティ,全般,全般
320116,食品,ギフト,ギフト,フレッシュ野菜ギフト,フレッシュ野菜ギフト
320119,食品,ギフト,ギフト,フレッシュ果実ギフト,フレッシュ果実ギフト
320118,食品,ギフト,ギフト,畜産ギフト,畜産ギフト
320120,食品,ギフト,ギフト,水産ギフト,水産ギフト
320121,食品,ギフト,ギフト,麺類ギフト,麺類ギフト
320105,食品,ギフト,ギフト,海苔ギフト,海苔ギフト
320101,食品,ギフト,ギフト,お茶・乾物ギフト,お茶・乾物ギフト
320114,食品,ギフト,ギフト,漬物ギフト,漬物ギフト
320106,食品,ギフト,ギフト,調味料・油ギフト,調味料・油ギフト
320107,食品,ギフト,ギフト,乳製品ギフト,乳製品ギフト
320108,食品,ギフト,ギフト,冷凍ギフト,冷凍ギフト
320109,食品,ギフト,ギフト,惣菜ギフト,惣菜ギフト
320104,食品,ギフト,ギフト,菓子ギフト,菓子ギフト
320111,食品,ギフト,ギフト,清酒ギフト,清酒ギフト
320112,食品,ギフト,ギフト,ビールギフト,ビールギフト
320110,食品,ギフト,ギフト,洋酒・ワインギフト,洋酒・ワインギフト
320117,食品,ギフト,ギフト,その他飲料ギフト,その他飲料ギフト
320115,食品,ギフト,ギフト,予約ギフト,予約ギフト
320190,食品,ギフト,ギフト,その他ギフト,その他ギフト
320180,食品,ギフト,ギフト,全般,全般
330099,食品,健康食品,サプリメント,サプリメント,サプリメント
330080,食品,健康食品,サプリメント,全般,全般
330199,食品,健康食品,栄養補助食品,栄養補助食品,栄養補助食品
330180,食品,健康食品,栄養補助食品,全般,全般
330299,食品,健康食品,栄養調整食品,栄養調整食品,栄養調整食品
330280,食品,健康食品,栄養調整食品,全般,全般
330300,食品,健康食品,健康ドリンク,健康茶,健康茶
330301,食品,健康食品,健康ドリンク,ハーブティー,ハーブティー
330399,食品,健康食品,健康ドリンク,健康ドリンク,健康ドリンク
330380,食品,健康食品,健康ドリンク,全般,全般
339099,食品,健康食品,その他,その他,その他
339080,食品,健康食品,その他,全般,全般
340099,食品,介護食品,ミキサー食・きざみ食,ミキサー食・きざみ食,ミキサー食・きざみ食
340080,食品,介護食品,ミキサー食・きざみ食,全般,全般
340199,食品,介護食品,うらごし素材,うらごし素材,うらごし素材
340180,食品,介護食品,うらごし素材,全般,全般
340299,食品,介護食品,高栄養流動食品,高栄養流動食品,高栄養流動食品
340280,食品,介護食品,高栄養流動食品,全般,全般
340399,食品,介護食品,たんぱく補給食品,たんぱく補給食品,たんぱく補給食品
340380,食品,介護食品,たんぱく補給食品,全般,全般
340499,食品,介護食品,水分補給食品,水分補給食品,水分補給食品
340480,食品,介護食品,水分補給食品,全般,全般
340599,食品,介護食品,ミネラル強化食品,ミネラル強化食品,ミネラル強化食品
340580,食品,介護食品,ミネラル強化食品,全般,全般
340601,食品,介護食品,主菜,魚,魚
340602,食品,介護食品,主菜,鶏肉,鶏肉
340603,食品,介護食品,主菜,豚肉,豚肉
340604,食品,介護食品,主菜,牛肉,牛肉
340605,食品,介護食品,主菜,ハンバーグ・つくね,ハンバーグ・つくね
340606,食品,介護食品,主菜,中華,中華
340607,食品,介護食品,主菜,煮物,煮物
340608,食品,介護食品,主菜,天ぷら・フライ,天ぷら・フライ
340699,食品,介護食品,主菜,その他,その他
340680,食品,介護食品,主菜,全般,全般
340701,食品,介護食品,副菜,魚,魚
340702,食品,介護食品,副菜,鶏肉,鶏肉
340703,食品,介護食品,副菜,豚肉,豚肉
340704,食品,介護食品,副菜,牛肉,牛肉
340705,食品,介護食品,副菜,つくね,つくね
340706,食品,介護食品,副菜,中華,中華
340707,食品,介護食品,副菜,煮物,煮物
340708,食品,介護食品,副菜,炒め物,炒め物
340709,食品,介護食品,副菜,豆・豆腐,豆・豆腐
340710,食品,介護食品,副菜,玉子,玉子
340711,食品,介護食品,副菜,蒸し物,蒸し物
340712,食品,介護食品,副菜,お浸し・和え物,お浸し・和え物
340713,食品,介護食品,副菜,サラダ,サラダ
340714,食品,介護食品,副菜,酢の物,酢の物
340715,食品,介護食品,副菜,佃煮,佃煮
340716,食品,介護食品,副菜,香物,香物
340799,食品,介護食品,副菜,その他,その他
340780,食品,介護食品,副菜,全般,全般
340801,食品,介護食品,添え物,野菜,野菜
340802,食品,介護食品,添え物,麺,麺
340899,食品,介護食品,添え物,その他,その他
340880,食品,介護食品,添え物,全般,全般
340901,食品,介護食品,丼・麺,丼物,丼物
340902,食品,介護食品,丼・麺,麺物,麺物
340999,食品,介護食品,丼・麺,その他,その他
340980,食品,介護食品,丼・麺,全般,全般
341001,食品,介護食品,食事療法食,カロリー食,カロリー食
341002,食品,介護食品,食事療法食,たんぱく調整食,たんぱく調整食
341003,食品,介護食品,食事療法食,やわらか食,やわらか食
341099,食品,介護食品,食事療法食,その他,その他
341080,食品,介護食品,食事療法食,全般,全般
341101,食品,介護食品,パン・デザート,パン・パンケーキ,パン・パンケーキ
341102,食品,介護食品,パン・デザート,デザート,デザート
341103,食品,介護食品,パン・デザート,乳製品,乳製品
341199,食品,介護食品,パン・デザート,その他,その他
341180,食品,介護食品,パン・デザート,全般,全般
341201,食品,介護食品,汁物,味噌汁,味噌汁
341202,食品,介護食品,汁物,スープ,スープ
341299,食品,介護食品,汁物,その他,その他
341280,食品,介護食品,汁物,全般,全般
341301,食品,介護食品,タレ・ソース,タレ,タレ
341302,食品,介護食品,タレ・ソース,ソース,ソース
341399,食品,介護食品,タレ・ソース,その他,その他
341380,食品,介護食品,タレ・ソース,全般,全般
349099,食品,介護食品,その他,その他,その他
349080,食品,介護食品,その他,全般,全般
900803,食品,備品・資材・その他,事務用品,伝票・帳票,伝票・帳票
900811,食品,備品・資材・その他,事務用品,梱包作業用品,梱包作業用品
900812,食品,備品・資材・その他,事務用品,名刺・封筒・ハガキ,名刺・封筒・ハガキ
900813,食品,備品・資材・その他,事務用品,OA用紙類,OA用紙類
900814,食品,備品・資材・その他,事務用品,OA用メディア類,OA用メディア類
900815,食品,備品・資材・その他,事務用品,オフィス周辺機器,オフィス周辺機器
900816,食品,備品・資材・その他,事務用品,チューブファイル,チューブファイル
900817,食品,備品・資材・その他,事務用品,フラットファイル,フラットファイル
900818,食品,備品・資材・その他,事務用品,ボックスファイル,ボックスファイル
900819,食品,備品・資材・その他,事務用品,クリアーブック,クリアーブック
900820,食品,備品・資材・その他,事務用品,その他ファイル,その他ファイル
900821,食品,備品・資材・その他,事務用品,ファイルサポート用品,ファイルサポート用品
900822,食品,備品・資材・その他,事務用品,シャープ・ボールペン類,シャープ・ボールペン類
900823,食品,備品・資材・その他,事務用品,マーカー類,マーカー類
900824,食品,備品・資材・その他,事務用品,修正用品,修正用品
900825,食品,備品・資材・その他,事務用品,その他筆記用具,その他筆記用具
900826,食品,備品・資材・その他,事務用品,店舗用品,店舗用品
900827,食品,備品・資材・その他,事務用品,文具用品,文具用品
900828,食品,備品・資材・その他,事務用品,掲示用品,掲示用品
900829,食品,備品・資材・その他,事務用品,印章用品,印章用品
900830,食品,備品・資材・その他,事務用品,整理用品,整理用品
900831,食品,備品・資材・その他,事務用品,付箋・ラベル用品,付箋・ラベル用品
900832,食品,備品・資材・その他,事務用品,その他事務用品,その他事務用品
900833,食品,備品・資材・その他,事務用品,照明,照明
900835,食品,備品・資材・その他,事務用品,LED照明,LED照明
900834,食品,備品・資材・その他,事務用品,電化製品・電池,電化製品・電池
900804,食品,備品・資材・その他,事務用品,その他,その他
900311,食品,備品・資材・その他,衛生関連,衛生手袋,衛生手袋
900312,食品,備品・資材・その他,衛生関連,ゴム製手袋,ゴム製手袋
900313,食品,備品・資材・その他,衛生関連,マスク,マスク
900314,食品,備品・資材・その他,衛生関連,キャップ,キャップ
900315,食品,備品・資材・その他,衛生関連,エプロン,エプロン
900316,食品,備品・資材・その他,衛生関連,紙タオル・タオル,紙タオル・タオル
900317,食品,備品・資材・その他,衛生関連,HACCP・検査,HACCP・検査
900318,食品,備品・資材・その他,衛生関連,ねずみ・害虫駆除,ねずみ・害虫駆除
900319,食品,備品・資材・その他,衛生関連,トイレ消耗品,トイレ消耗品
900320,食品,備品・資材・その他,衛生関連,消臭剤,消臭剤
900323,食品,備品・資材・その他,衛生関連,アームカバー,アームカバー
900321,食品,備品・資材・その他,衛生関連,アメニティー用品,アメニティー用品
900305,食品,備品・資材・その他,衛生関連,備品・その他,備品・その他
900322,食品,備品・資材・その他,衛生関連,レンタル,レンタル
901411,食品,備品・資材・その他,店舗・清掃用品,ホウキ・モップ・チリトリ,ホウキ・モップ・チリトリ
901412,食品,備品・資材・その他,店舗・清掃用品,傘立,傘立
901413,食品,備品・資材・その他,店舗・清掃用品,灰皿,灰皿
901414,食品,備品・資材・その他,店舗・清掃用品,マット,マット
901415,食品,備品・資材・その他,店舗・清掃用品,ゴミ箱・ゴミ袋,ゴミ箱・ゴミ袋
901416,食品,備品・資材・その他,店舗・清掃用品,スノコ,スノコ
901417,食品,備品・資材・その他,店舗・清掃用品,ベンチ,ベンチ
901418,食品,備品・資材・その他,店舗・清掃用品,掃除機,掃除機
901421,食品,備品・資材・その他,店舗・清掃用品,清掃カート,清掃カート
901422,食品,備品・資材・その他,店舗・清掃用品,汚物処理,汚物処理
901419,食品,備品・資材・その他,店舗・清掃用品,備品・その他,備品・その他
901420,食品,備品・資材・その他,店舗・清掃用品,レンタル,レンタル
901811,食品,備品・資材・その他,洗剤関連,中性洗剤,中性洗剤
901812,食品,備品・資材・その他,洗剤関連,油よごれ洗剤,油よごれ洗剤
901813,食品,備品・資材・その他,洗剤関連,アルコール除菌剤,アルコール除菌剤
901814,食品,備品・資材・その他,洗剤関連,漂白・殺菌剤,漂白・殺菌剤
901815,食品,備品・資材・その他,洗剤関連,クレンザー・ステンレス洗剤,クレンザー・ステンレス洗剤
901816,食品,備品・資材・その他,洗剤関連,床用洗剤,床用洗剤
901817,食品,備品・資材・その他,洗剤関連,食洗機用洗剤,食洗機用洗剤
901818,食品,備品・資材・その他,洗剤関連,換気扇洗剤,換気扇洗剤
901819,食品,備品・資材・その他,洗剤関連,衣料用洗剤,衣料用洗剤
901820,食品,備品・資材・その他,洗剤関連,手洗い洗剤,手洗い洗剤
901821,食品,備品・資材・その他,洗剤関連,トイレ洗剤,トイレ洗剤
901822,食品,備品・資材・その他,洗剤関連,ガラス洗浄剤,ガラス洗浄剤
901823,食品,備品・資材・その他,洗剤関連,油凝固剤,油凝固剤
901826,食品,備品・資材・その他,洗剤関連,多目的洗剤,多目的洗剤
901827,食品,備品・資材・その他,洗剤関連,多目的除菌剤,多目的除菌剤
901828,食品,備品・資材・その他,洗剤関連,グリストラップ専用剤,グリストラップ専用剤
901829,食品,備品・資材・その他,洗剤関連,浴室・浴槽洗剤,浴室・浴槽洗剤
901824,食品,備品・資材・その他,洗剤関連,その他洗剤,その他洗剤
901825,食品,備品・資材・その他,洗剤関連,備品・その他,備品・その他
901711,食品,備品・資材・その他,厨房備品,鍋・釜,鍋・釜
901712,食品,備品・資材・その他,厨房備品,フライパン,フライパン
901727,食品,備品・資材・その他,厨房備品,やかん,やかん
901713,食品,備品・資材・その他,厨房備品,包丁・包丁砥,包丁・包丁砥
901714,食品,備品・資材・その他,厨房備品,まな板,まな板
901715,食品,備品・資材・その他,厨房備品,レイドル,レイドル
901716,食品,備品・資材・その他,厨房備品,お玉・ボウル,お玉・ボウル
901717,食品,備品・資材・その他,厨房備品,パット・ザル・へら,パット・ザル・へら
901728,食品,備品・資材・その他,厨房備品,ミキサー,ミキサー
901729,食品,備品・資材・その他,厨房備品,電磁調理器,電磁調理器
901718,食品,備品・資材・その他,厨房備品,ディスペンサー,ディスペンサー
901719,食品,備品・資材・その他,厨房備品,シール容器,シール容器
901720,食品,備品・資材・その他,厨房備品,ケーキ小物・備品,ケーキ小物・備品
901721,食品,備品・資材・その他,厨房備品,調理小物・備品,調理小物・備品
901722,食品,備品・資材・その他,厨房備品,計り・温度計・タイマー,計り・温度計・タイマー
901723,食品,備品・資材・その他,厨房備品,設備品,設備品
901724,食品,備品・資材・その他,厨房備品,手袋,手袋
901730,食品,備品・資材・その他,厨房備品,作業台・棚,作業台・棚
901725,食品,備品・資材・その他,厨房備品,備品・その他,備品・その他
901726,食品,備品・資材・その他,厨房備品,リース,リース
901211,食品,備品・資材・その他,飲食消耗品,割箸　裸,割箸　裸
901212,食品,備品・資材・その他,飲食消耗品,割箸　袋入り・袋,割箸　袋入り・袋
901225,食品,備品・資材・その他,飲食消耗品,樹脂箸,樹脂箸
901213,食品,備品・資材・その他,飲食消耗品,爪楊枝,爪楊枝
901214,食品,備品・資材・その他,飲食消耗品,ふきん,ふきん
901215,食品,備品・資材・その他,飲食消耗品,紙おしぼり,紙おしぼり
901216,食品,備品・資材・その他,飲食消耗品,コースター,コースター
901217,食品,備品・資材・その他,飲食消耗品,テーブルマット,テーブルマット
901218,食品,備品・資材・その他,飲食消耗品,ナプキン,ナプキン
901226,食品,備品・資材・その他,飲食消耗品,ティッシュペーパー,ティッシュペーパー
901219,食品,備品・資材・その他,飲食消耗品,珈琲・紅茶用品,珈琲・紅茶用品
901220,食品,備品・資材・その他,飲食消耗品,ソフトドリンク用品,ソフトドリンク用品
901227,食品,備品・資材・その他,飲食消耗品,ストロー,ストロー
901228,食品,備品・資材・その他,飲食消耗品,紙鍋,紙鍋
901229,食品,備品・資材・その他,飲食消耗品,紙エプロン,紙エプロン
901230,食品,備品・資材・その他,飲食消耗品,キャンドル・オイル類,キャンドル・オイル類
901221,食品,備品・資材・その他,飲食消耗品,燃料,燃料
901222,食品,備品・資材・その他,飲食消耗品,レジペーパー,レジペーパー
901223,食品,備品・資材・その他,飲食消耗品,備品・その他,備品・その他
901224,食品,備品・資材・その他,飲食消耗品,レンタル,レンタル
901611,食品,備品・資材・その他,飲食備品,陶器,陶器
901612,食品,備品・資材・その他,飲食備品,漆器,漆器
901613,食品,備品・資材・その他,飲食備品,メラミン,メラミン
901614,食品,備品・資材・その他,飲食備品,グラス・カップ,グラス・カップ
901615,食品,備品・資材・その他,飲食備品,ピッチャー,ピッチャー
901624,食品,備品・資材・その他,飲食備品,多用丼,多用丼
901625,食品,備品・資材・その他,飲食備品,焼物皿,焼物皿
901626,食品,備品・資材・その他,飲食備品,茶碗,茶碗
901616,食品,備品・資材・その他,飲食備品,木・竹製品,木・竹製品
901617,食品,備品・資材・その他,飲食備品,ナイフ・スプーン・フォーク,ナイフ・スプーン・フォーク
901618,食品,備品・資材・その他,飲食備品,酒類用ツール,酒類用ツール
901619,食品,備品・資材・その他,飲食備品,トレー,トレー
901620,食品,備品・資材・その他,飲食備品,メニューブック・ボード,メニューブック・ボード
901627,食品,備品・資材・その他,飲食備品,オーダーツール,オーダーツール
901623,食品,備品・資材・その他,飲食備品,テーブル・椅子,テーブル・椅子
901621,食品,備品・資材・その他,飲食備品,備品・その他,備品・その他
901622,食品,備品・資材・その他,飲食備品,リース,リース
900511,食品,備品・資材・その他,包装資材,弁当容器,弁当容器
900512,食品,備品・資材・その他,包装資材,どんぶり容器,どんぶり容器
900513,食品,備品・資材・その他,包装資材,寿司・刺身容器,寿司・刺身容器
900514,食品,備品・資材・その他,包装資材,カップ類,カップ類
900515,食品,備品・資材・その他,包装資材,フードパック,フードパック
900516,食品,備品・資材・その他,包装資材,汎用トレー,汎用トレー
900517,食品,備品・資材・その他,包装資材,レジ袋・紙袋・布袋,レジ袋・紙袋・布袋
900518,食品,備品・資材・その他,包装資材,ポリ袋,ポリ袋
900519,食品,備品・資材・その他,包装資材,化粧箱,化粧箱
900520,食品,備品・資材・その他,包装資材,ダンボール箱・その他箱,ダンボール箱・その他箱
900521,食品,備品・資材・その他,包装資材,紙コップ・プラコップ,紙コップ・プラコップ
900522,食品,備品・資材・その他,包装資材,瓶・ボトル・缶,瓶・ボトル・缶
900523,食品,備品・資材・その他,包装資材,ラッピング用品,ラッピング用品
900524,食品,備品・資材・その他,包装資材,梱包資材・備品,梱包資材・備品
900528,食品,備品・資材・その他,包装資材,テープ類,テープ類
900529,食品,備品・資材・その他,包装資材,紐・ロープ,紐・ロープ
900530,食品,備品・資材・その他,包装資材,緩衝材用品,緩衝材用品
900525,食品,備品・資材・その他,包装資材,鮮度保持用品,鮮度保持用品
900526,食品,備品・資材・その他,包装資材,保冷剤,保冷剤
900527,食品,備品・資材・その他,包装資材,テイクアウト用小物,テイクアウト用小物
900505,食品,備品・資材・その他,包装資材,備品・その他,備品・その他
901511,食品,備品・資材・その他,製造・生産加工,食品加工機器,食品加工機器
901512,食品,備品・資材・その他,製造・生産加工,食肉・水産加工,食肉・水産加工
901520,食品,備品・資材・その他,製造・生産加工,農産加工,農産加工
901513,食品,備品・資材・その他,製造・生産加工,検査機,検査機
901514,食品,備品・資材・その他,製造・生産加工,印字機,印字機
901515,食品,備品・資材・その他,製造・生産加工,加工機器用備品,加工機器用備品
901516,食品,備品・資材・その他,製造・生産加工,加工機器用資材,加工機器用資材
901517,食品,備品・資材・その他,製造・生産加工,関連消耗品,関連消耗品
901518,食品,備品・資材・その他,製造・生産加工,その他・備品,その他・備品
901519,食品,備品・資材・その他,製造・生産加工,リース,リース
900711,食品,備品・資材・その他,ユニフォーム,食品工場白衣・ズボン,食品工場白衣・ズボン
900712,食品,備品・資材・その他,ユニフォーム,帽子・備品,帽子・備品
900713,食品,備品・資材・その他,ユニフォーム,作業着・ズボン,作業着・ズボン
900714,食品,備品・資材・その他,ユニフォーム,シャツ,シャツ
900715,食品,備品・資材・その他,ユニフォーム,シューズ・長靴,シューズ・長靴
900716,食品,備品・資材・その他,ユニフォーム,和食ホール・小物,和食ホール・小物
900717,食品,備品・資材・その他,ユニフォーム,和食厨房,和食厨房
900718,食品,備品・資材・その他,ユニフォーム,洋食ホール・小物,洋食ホール・小物
900719,食品,備品・資材・その他,ユニフォーム,洋食厨房,洋食厨房
900720,食品,備品・資材・その他,ユニフォーム,ホテル・サービス,ホテル・サービス
900723,食品,備品・資材・その他,ユニフォーム,エプロン,エプロン
900724,食品,備品・資材・その他,ユニフォーム,コート,コート
900725,食品,備品・資材・その他,ユニフォーム,ベスト,ベスト
900721,食品,備品・資材・その他,ユニフォーム,オフィス,オフィス
900705,食品,備品・資材・その他,ユニフォーム,備品・その他,備品・その他
900722,食品,備品・資材・その他,ユニフォーム,レンタル,レンタル
901311,食品,備品・資材・その他,厨房消耗品,ラップ,ラップ
901312,食品,備品・資材・その他,厨房消耗品,ホイル,ホイル
901313,食品,備品・資材・その他,厨房消耗品,クッキングペーパー,クッキングペーパー
901314,食品,備品・資材・その他,厨房消耗品,クッキングシート,クッキングシート
901315,食品,備品・資材・その他,厨房消耗品,たわし・スポンジ,たわし・スポンジ
901316,食品,備品・資材・その他,厨房消耗品,炭・備長炭,炭・備長炭
901317,食品,備品・資材・その他,厨房消耗品,保存袋,保存袋
901318,食品,備品・資材・その他,厨房消耗品,備品・その他,備品・その他
900611,食品,備品・資材・その他,販促,のぼり,のぼり
900612,食品,備品・資材・その他,販促,暖簾・幕,暖簾・幕
900613,食品,備品・資材・その他,販促,店頭看板,店頭看板
900614,食品,備品・資材・その他,販促,シール,シール
900615,食品,備品・資材・その他,販促,チラシ・ポスター,チラシ・ポスター
900616,食品,備品・資材・その他,販促,プライスカード・ポップ,プライスカード・ポップ
900617,食品,備品・資材・その他,販促,DM・ショップカード,DM・ショップカード
900618,食品,備品・資材・その他,販促,名入れ商品,名入れ商品
900619,食品,備品・資材・その他,販促,ディスプレイ・造花,ディスプレイ・造花
900620,食品,備品・資材・その他,販促,デザイン作成,デザイン作成
900621,食品,備品・資材・その他,販促,印刷物,印刷物
900622,食品,備品・資材・その他,販促,おもちゃ,おもちゃ
900627,食品,備品・資材・その他,販促,ガチャガチャ,ガチャガチャ
900623,食品,備品・資材・その他,販促,イベント用品,イベント用品
900624,食品,備品・資材・その他,販促,ノベルティー商品,ノベルティー商品
900628,食品,備品・資材・その他,販促,くじ・ゲーム,くじ・ゲーム
900629,食品,備品・資材・その他,販促,雑貨・その他,雑貨・その他
900625,食品,備品・資材・その他,販促,ラック・ワゴン,ラック・ワゴン
900605,食品,備品・資材・その他,販促,備品・その他,備品・その他
900626,食品,備品・資材・その他,販促,レンタル,レンタル
901103,食品,備品・資材・その他,その他,印刷代,印刷代
901104,食品,備品・資材・その他,その他,空瓶代,空瓶代
901105,食品,備品・資材・その他,その他,工事費,工事費
901106,食品,備品・資材・その他,その他,ゴミ処理代,ゴミ処理代
901107,食品,備品・資材・その他,その他,作業代,作業代
901108,食品,備品・資材・その他,その他,そうじ代,そうじ代
901109,食品,備品・資材・その他,その他,送料・運賃,送料・運賃
901110,食品,備品・資材・その他,その他,たばこ,たばこ
901111,食品,備品・資材・その他,その他,炭酸ガス,炭酸ガス
901112,食品,備品・資材・その他,その他,値引き,値引き
901101,食品,備品・資材・その他,その他,清掃・害虫駆除サービス,清掃・害虫駆除サービス
901102,食品,備品・資材・その他,その他,その他,その他
500000,オフィス用品,事務用品・文房具,文房具,接着テープ・のり,接着テープ・のり
500001,オフィス用品,事務用品・文房具,文房具,カッター・はさみ,カッター・はさみ
500002,オフィス用品,事務用品・文房具,文房具,クリップ,クリップ
500003,オフィス用品,事務用品・文房具,文房具,インデックス・ラベル・付箋,インデックス・ラベル・付箋
500004,オフィス用品,事務用品・文房具,文房具,ホッチキス・パンチ,ホッチキス・パンチ
500005,オフィス用品,事務用品・文房具,文房具,ノート・メモ帳,ノート・メモ帳
500006,オフィス用品,事務用品・文房具,文房具,印鑑・朱肉,印鑑・朱肉
500007,オフィス用品,事務用品・文房具,文房具,便箋・封筒・伝票・帳簿,便箋・封筒・伝票・帳簿
500008,オフィス用品,事務用品・文房具,文房具,ホワイトボード・イレーザー,ホワイトボード・イレーザー
500009,オフィス用品,事務用品・文房具,文房具,ファイル,ファイル
500010,オフィス用品,事務用品・文房具,文房具,収納,収納
500090,オフィス用品,事務用品・文房具,文房具,その他,その他
500100,オフィス用品,事務用品・文房具,筆記用具,ボールペン・替芯,ボールペン・替芯
500101,オフィス用品,事務用品・文房具,筆記用具,マーカー・ペン,マーカー・ペン
500102,オフィス用品,事務用品・文房具,筆記用具,シャープペンシル・替芯,シャープペンシル・替芯
500103,オフィス用品,事務用品・文房具,筆記用具,修正テープ・修正ペン・修正液,修正テープ・修正ペン・修正液
500190,オフィス用品,事務用品・文房具,筆記用具,その他,その他
509090,オフィス用品,事務用品・文房具,その他 事務用品・文房具,-,-
510090,オフィス用品,OA消耗品,トナー,-,-
510190,オフィス用品,OA消耗品,インクカートリッジ,-,-
510290,オフィス用品,OA消耗品,プリンタ・ＦＡＸリボン,-,-
510390,オフィス用品,OA消耗品,コピー用紙,-,-
510490,オフィス用品,OA消耗品,3Dプリンタ用品,-,-
510590,オフィス用品,OA消耗品,ラベル用紙・シール,-,-
519090,オフィス用品,OA消耗品,その他 OA消耗品,-,-
529090,オフィス用品,オフィス用品　その他,-,-,-
530090,店舗用品,店舗備品,レジ袋,-,-
530190,店舗用品,店舗備品,ポリ袋・ビニール袋,-,-
530290,店舗用品,店舗備品,手提げ袋・エコバック,-,-
530390,店舗用品,店舗備品,包装紙・装飾,-,-
530490,店舗用品,店舗備品,値札・シール,-,-
530590,店舗用品,店舗備品,カート・バスケット,-,-
530690,店舗用品,店舗備品,イベント・ノベルティ用品,-,-
530790,店舗用品,店舗備品,ギフトシール・ボックス,-,-
539090,店舗用品,店舗備品,その他 店舗備品,-,-
540000,店舗用品,店舗什器,ディスプレイ用品,ディスプレイラック,ディスプレイラック
540001,店舗用品,店舗什器,ディスプレイ用品,ディスプレイケース,ディスプレイケース
540090,店舗用品,店舗什器,ディスプレイ用品,その他,その他
540190,店舗用品,店舗什器,スチール什器,-,-
540290,店舗用品,店舗什器,木製什器,-,-
549090,店舗用品,店舗什器,その他 店舗什器,-,-
550090,店舗用品,レジ・お会計用品,ロールペーパー・レジロール,-,-
550190,店舗用品,レジ・お会計用品,お会計用品,-,-
550290,店舗用品,レジ・お会計用品,レジ周り用品,-,-
550390,店舗用品,レジ・お会計用品,レジスター,-,-
550490,店舗用品,レジ・お会計用品,金庫,-,-
559090,店舗用品,レジ・お会計用品,その他 レジ・お会計用品,-,-
560090,店舗用品,ＰＯＰ・ディスプレイ用品,POPカード・シール,-,-
560190,店舗用品,ＰＯＰ・ディスプレイ用品,のぼり,-,-
560290,店舗用品,ＰＯＰ・ディスプレイ用品,カード立て・サインホルダー,-,-
569090,店舗用品,ＰＯＰ・ディスプレイ用品,その他 ＰＯＰ・ディスプレイ用品,-,-
570090,店舗用品,サイン・看板用品,看板,-,-
570190,店舗用品,サイン・看板用品,イーゼル・ボード,-,-
579090,店舗用品,サイン・看板用品,その他 サイン・看板用品,-,-
580090,店舗用品,防犯・防災用品,防犯用品,-,-
580190,店舗用品,防犯・防災用品,防災用品,-,-
589090,店舗用品,防犯・防災用品,その他 防犯・防災用品,-,-
599090,店舗用品,店舗用品　その他,-,-,-
600000,厨房用品,備品・消耗品,ティッシュ・トイレットペーパー・日用品,ティッシュペーパー,ティッシュペーパー
600001,厨房用品,備品・消耗品,ティッシュ・トイレットペーパー・日用品,トイレットペーパー,トイレットペーパー
600002,厨房用品,備品・消耗品,ティッシュ・トイレットペーパー・日用品,ペーパータオル,ペーパータオル
600003,厨房用品,備品・消耗品,ティッシュ・トイレットペーパー・日用品,ゴミ袋,ゴミ袋
600090,厨房用品,備品・消耗品,ティッシュ・トイレットペーパー・日用品,その他,その他
600100,厨房用品,備品・消耗品,洗面・バス・トイレ用品,石鹸・ハンドソープ,石鹸・ハンドソープ
600101,厨房用品,備品・消耗品,洗面・バス・トイレ用品,ヘアケア用品,ヘアケア用品
600102,厨房用品,備品・消耗品,洗面・バス・トイレ用品,トイレ用品,トイレ用品
600190,厨房用品,備品・消耗品,洗面・バス・トイレ用品,その他,その他
600200,厨房用品,備品・消耗品,掃除・洗濯用品,洗剤,洗剤
600201,厨房用品,備品・消耗品,掃除・洗濯用品,ほうき・モップ,ほうき・モップ
600290,厨房用品,備品・消耗品,掃除・洗濯用品,その他,その他
600390,厨房用品,備品・消耗品,アロマ用品,-,-
600400,厨房用品,備品・消耗品,食器・容器,スプーン・フォーク・ナイフ,スプーン・フォーク・ナイフ
600401,厨房用品,備品・消耗品,食器・容器,グラス・カップ・コーヒーカップ,グラス・カップ・コーヒーカップ
600402,厨房用品,備品・消耗品,食器・容器,ポット・ピッチャー,ポット・ピッチャー
600403,厨房用品,備品・消耗品,食器・容器,皿・プレート,皿・プレート
600490,厨房用品,備品・消耗品,食器・容器,その他,その他
600500,厨房用品,備品・消耗品,使い捨て食器・容器,箸・割り箸・楊枝,箸・割り箸・楊枝
600501,厨房用品,備品・消耗品,使い捨て食器・容器,ウェットティッシュ,ウェットティッシュ
600502,厨房用品,備品・消耗品,使い捨て食器・容器,ストロー・マドラー,ストロー・マドラー
600503,厨房用品,備品・消耗品,使い捨て食器・容器,紙食器・プラ食器,紙食器・プラ食器
600590,厨房用品,備品・消耗品,使い捨て食器・容器,その他,その他
609090,厨房用品,備品・消耗品,その他 備品・消耗品,-,-
610000,厨房用品,厨房機器,調理雑貨,ラップ・保存容器,ラップ・保存容器
610001,厨房用品,厨房機器,調理雑貨,アルミホイル・クッキングシート ,アルミホイル・クッキングシート 
610002,厨房用品,厨房機器,調理雑貨,ふきん・クロス,ふきん・クロス
610090,厨房用品,厨房機器,調理雑貨,その他,その他
610100,厨房用品,厨房機器,調理器具,鍋,鍋
610101,厨房用品,厨房機器,調理器具,やかん,やかん
610102,厨房用品,厨房機器,調理器具,フライパン,フライパン
610103,厨房用品,厨房機器,調理器具,包丁,包丁
610104,厨房用品,厨房機器,調理器具,まな板,まな板
610190,厨房用品,厨房機器,調理器具,その他,その他
610200,厨房用品,厨房機器,厨房機器,電子レンジ,電子レンジ
610201,厨房用品,厨房機器,厨房機器,フードプロセッサー・食品加工機器,フードプロセッサー・食品加工機器
610202,厨房用品,厨房機器,厨房機器,冷蔵庫・温蔵庫,冷蔵庫・温蔵庫
610203,厨房用品,厨房機器,厨房機器,炊飯ジャー,炊飯ジャー
610204,厨房用品,厨房機器,厨房機器,オーブントースター,オーブントースター
610205,厨房用品,厨房機器,厨房機器,浄水器,浄水器
610206,厨房用品,厨房機器,厨房機器,コンロ・ガス調理機器,コンロ・ガス調理機器
610207,厨房用品,厨房機器,厨房機器,食器洗浄機,食器洗浄機
610208,厨房用品,厨房機器,厨房機器,コーヒーメーカー,コーヒーメーカー
610290,厨房用品,厨房機器,厨房機器,その他,その他
619090,厨房用品,厨房機器,その他 厨房機器,-,-
629090,厨房用品,厨房用品　その他,-,-,-
630000,梱包・作業用品,梱包・結束用品,テープ,ガムテープ・梱包テープ,ガムテープ・梱包テープ
630001,梱包・作業用品,梱包・結束用品,テープ,マスキングテープ,マスキングテープ
630002,梱包・作業用品,梱包・結束用品,テープ,養生テープ,養生テープ
630003,梱包・作業用品,梱包・結束用品,テープ,両面テープ,両面テープ
630004,梱包・作業用品,梱包・結束用品,テープ,ビニールテープ,ビニールテープ
630090,梱包・作業用品,梱包・結束用品,テープ,その他,その他
630100,梱包・作業用品,梱包・結束用品,梱包資材・緩衝材,ダンボール,ダンボール
630101,梱包・作業用品,梱包・結束用品,梱包資材・緩衝材,ひも,ひも
630102,梱包・作業用品,梱包・結束用品,梱包資材・緩衝材,ロープ,ロープ
630103,梱包・作業用品,梱包・結束用品,梱包資材・緩衝材,緩衝材,緩衝材
630190,梱包・作業用品,梱包・結束用品,梱包資材・緩衝材,その他,その他
630290,梱包・作業用品,梱包・結束用品,結束用品,-,-
639090,梱包・作業用品,梱包・結束用品,その他 梱包・結束用品,-,-
640090,梱包・作業用品,作業・現場用品,台車,-,-
640190,梱包・作業用品,作業・現場用品,はしご・脚立,-,-
640290,梱包・作業用品,作業・現場用品,作業台,-,-
640390,梱包・作業用品,作業・現場用品,ラック・ワゴン・キャビネット,-,-
640490,梱包・作業用品,作業・現場用品,養生資材,-,-
640590,梱包・作業用品,作業・現場用品,コンテナ・容器,-,-
640600,梱包・作業用品,作業・現場用品,計測機器,はかり,はかり
640601,梱包・作業用品,作業・現場用品,計測機器,タイマー,タイマー
640602,梱包・作業用品,作業・現場用品,計測機器,温度計,温度計
640603,梱包・作業用品,作業・現場用品,計測機器,メジャー,メジャー
640690,梱包・作業用品,作業・現場用品,計測機器,その他,その他
640700,梱包・作業用品,作業・現場用品,安全用品,カラーコーン,カラーコーン
640701,梱包・作業用品,作業・現場用品,安全用品,誘導灯,誘導灯
640702,梱包・作業用品,作業・現場用品,安全用品,安全標識,安全標識
640790,梱包・作業用品,作業・現場用品,安全用品,その他,その他
640800,梱包・作業用品,作業・現場用品,安全保護具,手袋・軍手,手袋・軍手
640801,梱包・作業用品,作業・現場用品,安全保護具,ヘルメット,ヘルメット
640802,梱包・作業用品,作業・現場用品,安全保護具,防塵マスク・メガネ,防塵マスク・メガネ
640803,梱包・作業用品,作業・現場用品,安全保護具,安全帯,安全帯
640804,梱包・作業用品,作業・現場用品,安全保護具,安全靴・作業靴,安全靴・作業靴
640805,梱包・作業用品,作業・現場用品,安全保護具,長靴,長靴
640890,梱包・作業用品,作業・現場用品,安全保護具,その他,その他
640990,梱包・作業用品,作業・現場用品,作業服,-,-
649090,梱包・作業用品,作業・現場用品,その他 作業・現場用品,-,-
659090,梱包・作業用品,梱包・作業用品　その他,-,-,-
660090,電化製品,照明・電池,LED,-,-
660190,電化製品,照明・電池,白熱電球,-,-
660290,電化製品,照明・電池,蛍光灯,-,-
660390,電化製品,照明・電池,照明器具,-,-
660400,電化製品,照明・電池,電池,乾電池,乾電池
660401,電化製品,照明・電池,電池,充電器,充電器
660490,電化製品,照明・電池,電池,その他,その他
669090,電化製品,照明・電池,その他 照明・電池,-,-
670000,電化製品,生活家電,清掃家電,掃除機,掃除機
670001,電化製品,生活家電,清掃家電,高圧洗浄機,高圧洗浄機
670002,電化製品,生活家電,清掃家電,スチームクリーナー,スチームクリーナー
670090,電化製品,生活家電,清掃家電,その他,その他
670100,電化製品,生活家電,空調・季節家電,空気清浄機,空気清浄機
670101,電化製品,生活家電,空調・季節家電,加湿器,加湿器
670102,電化製品,生活家電,空調・季節家電,除湿器,除湿器
670103,電化製品,生活家電,空調・季節家電,サーキュレーター,サーキュレーター
670104,電化製品,生活家電,空調・季節家電,扇風機・ファン,扇風機・ファン
670105,電化製品,生活家電,空調・季節家電,冷暖房器具,冷暖房器具
670190,電化製品,生活家電,空調・季節家電,その他,その他
670200,電化製品,生活家電,美容家電,ドライヤー・ヘアーアイロン,ドライヤー・ヘアーアイロン
670290,電化製品,生活家電,美容家電,その他,その他
679090,電化製品,生活家電,その他 生活家電,-,-
680000,電化製品,AV機器,AV機器,テレビ,テレビ
680001,電化製品,AV機器,AV機器,イヤホン・ヘッドホン,イヤホン・ヘッドホン
680002,電化製品,AV機器,AV機器,マイク・スピーカー,マイク・スピーカー
680003,電化製品,AV機器,AV機器,電卓,電卓
680004,電化製品,AV機器,AV機器,カメラ,カメラ
680005,電化製品,AV機器,AV機器,メモリーカード,メモリーカード
680006,電化製品,AV機器,AV機器,プロジェクター,プロジェクター
680007,電化製品,AV機器,AV機器,ケーブル類,ケーブル類
680090,電化製品,AV機器,AV機器,その他,その他
689090,電化製品,AV機器,その他 AV機器,-,-
699090,電化製品,電化製品　その他,-,-,-
700000,衛生・医療・介護用品,衛生用品,保健用品,ばんそうこう,ばんそうこう
700001,衛生・医療・介護用品,衛生用品,保健用品,ガーゼ・脱脂綿・綿棒,ガーゼ・脱脂綿・綿棒
700002,衛生・医療・介護用品,衛生用品,保健用品,包帯・三角巾,包帯・三角巾
700003,衛生・医療・介護用品,衛生用品,保健用品,サージカルテープ,サージカルテープ
700090,衛生・医療・介護用品,衛生用品,保健用品,その他,その他
700100,衛生・医療・介護用品,衛生用品,消毒・除菌用品,手指消毒,手指消毒
700101,衛生・医療・介護用品,衛生用品,消毒・除菌用品,除菌剤・消毒剤,除菌剤・消毒剤
700190,衛生・医療・介護用品,衛生用品,消毒・除菌用品,その他,その他
700200,衛生・医療・介護用品,衛生用品,マスク・ゴム手袋・使い切り製品,マスク,マスク
700201,衛生・医療・介護用品,衛生用品,マスク・ゴム手袋・使い切り製品,ゴム手袋,ゴム手袋
700202,衛生・医療・介護用品,衛生用品,マスク・ゴム手袋・使い切り製品,エプロン,エプロン
700290,衛生・医療・介護用品,衛生用品,マスク・ゴム手袋・使い切り製品,その他,その他
709090,衛生・医療・介護用品,衛生用品,その他 衛生用品,-,-
710090,衛生・医療・介護用品,医療用品,白衣・シューズ・雑貨,-,-
710100,衛生・医療・介護用品,医療用品,薬局用品・調剤用品,容器・カプセル,容器・カプセル
710101,衛生・医療・介護用品,医療用品,薬局用品・調剤用品,薬袋,薬袋
710102,衛生・医療・介護用品,医療用品,薬局用品・調剤用品,ラベル・シール,ラベル・シール
710103,衛生・医療・介護用品,医療用品,薬局用品・調剤用品,お薬手帳,お薬手帳
710104,衛生・医療・介護用品,医療用品,薬局用品・調剤用品,調剤器具,調剤器具
710105,衛生・医療・介護用品,医療用品,薬局用品・調剤用品,お薬ケース,お薬ケース
710190,衛生・医療・介護用品,医療用品,薬局用品・調剤用品,その他,その他
719090,衛生・医療・介護用品,医療用品,その他 医療用品,-,-
720090,衛生・医療・介護用品,介護用品,介護用おむつ,-,-
720190,衛生・医療・介護用品,介護用品,介護用備品,-,-
729090,衛生・医療・介護用品,介護用品,その他 介護用品,-,-
739090,衛生・医療・介護用品,衛生・医療・介護用品　その他,-,-,-
740090,冠婚葬祭,婚礼,生花・造花,-,-
740190,冠婚葬祭,婚礼,婚礼衣装,-,-
749090,冠婚葬祭,婚礼,その他 婚礼,-,-
750090,冠婚葬祭,葬儀,生花,-,-
750100,冠婚葬祭,葬儀,仏具,線香,線香
750101,冠婚葬祭,葬儀,仏具,骨壷,骨壷
750190,冠婚葬祭,葬儀,仏具,その他,その他
759090,冠婚葬祭,葬儀,その他 葬儀,-,-
769090,冠婚葬祭,冠婚葬祭　その他,-,-,-
999999,分類未登録,分類未登録,-,-,-
